[
 {
   "Name": "Abernathie, Allison",
   "Email": "abernaal@rose-hulman.edu"
 },
 {
   "Name": "Abernathy, Abby (2021)",
   "Email": "abernaam@rose-hulman.edu"
 },
 {
   "Name": "Adler, Benjamin",
   "Email": "adlerbn@rose-hulman.edu"
 },
 {
   "Name": "Alawami, Hussein (2020)",
   "Email": "alawamhm@rose-hulman.edu"
 },
 {
   "Name": "Alba-Lopez, David (2021)",
   "Email": "albalod@rose-hulman.edu"
 },
 {
   "Name": "Alejandro, Seb",
   "Email": "alejansw@rose-hulman.edu"
 },
 {
   "Name": "Alexander, Jarrett Scott",
   "Email": "alexanjs@rose-hulman.edu"
 },
 {
   "Name": "Allamudi, Meghna",
   "Email": "allamum@rose-hulman.edu"
 },
 {
   "Name": "Allen, Natalie (2020)",
   "Email": "allenne@rose-hulman.edu"
 },
 {
   "Name": "Altobellis, Sal",
   "Email": "altobes@rose-hulman.edu"
 },
 {
   "Name": "Amato, Angelina",
   "Email": "amatoam@rose-hulman.edu"
 },
 {
   "Name": "Anderson, Cooper",
   "Email": "andersc7@rose-hulman.edu"
 },
 {
   "Name": "Ansari, Jordan",
   "Email": "ansarij@rose-hulman.edu"
 },
 {
   "Name": "Archer, Michael",
   "Email": "archerma@rose-hulman.edu"
 },
 {
   "Name": "Ashworth, Jacob",
   "Email": "ashworjs@rose-hulman.edu"
 },
 {
   "Name": "Austin, Isaac (2020)",
   "Email": "austinin@rose-hulman.edu"
 },
 {
   "Name": "Bade, Nelson Connor Hawks",
   "Email": "badenh@rose-hulman.edu"
 },
 {
   "Name": "Baden, Luke",
   "Email": "badenlt@rose-hulman.edu"
 },
 {
   "Name": "Bailey, Ryan James",
   "Email": "baileyrj@rose-hulman.edu"
 },
 {
   "Name": "Barr, Patrick (2021)",
   "Email": "barrpt@rose-hulman.edu"
 },
 {
   "Name": "Bartee, Aaron J",
   "Email": "barteeaj@rose-hulman.edu"
 },
 {
   "Name": "Barthel, Ian",
   "Email": "bartheic@rose-hulman.edu"
 },
 {
   "Name": "Bath, Tyler (2020)",
   "Email": "bathtj@rose-hulman.edu"
 },
 {
   "Name": "Batt, Carson",
   "Email": "battcm@rose-hulman.edu"
 },
 {
   "Name": "Battle, Andre",
   "Email": "battleal@rose-hulman.edu"
 },
 {
   "Name": "Baumgart, Jax",
   "Email": "baumgajm@rose-hulman.edu"
 },
 {
   "Name": "Beadling, Christian",
   "Email": "beadlich@rose-hulman.edu"
 },
 {
   "Name": "Bednarek, Travis",
   "Email": "bednartc@rose-hulman.edu"
 },
 {
   "Name": "Beeman, Luke (2020)",
   "Email": "beemanla@rose-hulman.edu"
 },
 {
   "Name": "Bell, Keelan",
   "Email": "bellkm@rose-hulman.edu"
 },
 {
   "Name": "Bendzsa, Lucus",
   "Email": "bendzslt@rose-hulman.edu"
 },
 {
   "Name": "Benedict, Brandon",
   "Email": "benedib1@rose-hulman.edu"
 },
 {
   "Name": "Bernstein, Ethan",
   "Email": "bernstem@rose-hulman.edu"
 },
 {
   "Name": "Bestic, Evan",
   "Email": "bestice@rose-hulman.edu"
 },
 {
   "Name": "Bhangi, Tejaswi",
   "Email": "bhangit@rose-hulman.edu"
 },
 {
   "Name": "Bhuwalka, Kush",
   "Email": "bhuwalk@rose-hulman.edu"
 },
 {
   "Name": "Blair, Zane",
   "Email": "blairza@rose-hulman.edu"
 },
 {
   "Name": "Blanco, Nathaniel",
   "Email": "blancont@rose-hulman.edu"
 },
 {
   "Name": "Blonsky, Andrew (2021)",
   "Email": "blonskac@rose-hulman.edu"
 },
 {
   "Name": "Bock, Kaelyn (2020)",
   "Email": "bockke@rose-hulman.edu"
 },
 {
   "Name": "Boes, Thomas",
   "Email": "boestb@rose-hulman.edu"
 },
 {
   "Name": "Boles, George (2019)",
   "Email": "botrosg@rose-hulman.edu"
 },
 {
   "Name": "Borders, Camron E",
   "Email": "borderce@rose-hulman.edu"
 },
 {
   "Name": "Bostian, Dylan",
   "Email": "bostiadm@rose-hulman.edu"
 },
 {
   "Name": "Bouvier, John (2021)",
   "Email": "bouviejs@rose-hulman.edu"
 },
 {
   "Name": "Bowering, Ryan",
   "Email": "bowerirn@rose-hulman.edu"
 },
 {
   "Name": "Boxeth, Anne Marie",
   "Email": "boxetham@rose-hulman.edu"
 },
 {
   "Name": "Boykins, Jamison",
   "Email": "boykinjt@rose-hulman.edu"
 },
 {
   "Name": "Boyle, Connor James",
   "Email": "boylecj@rose-hulman.edu"
 },
 {
   "Name": "Bradshaw, Alexander (2021)",
   "Email": "bradshac@rose-hulman.edu"
 },
 {
   "Name": "Brady, Luke (2018)",
   "Email": "bradylz@rose-hulman.edu"
 },
 {
   "Name": "Briscoe, Matt",
   "Email": "briscoma@rose-hulman.edu"
 },
 {
   "Name": "Brock, Ethan",
   "Email": "brockel@rose-hulman.edu"
 },
 {
   "Name": "Brown, Emma",
   "Email": "browneg@rose-hulman.edu"
 },
 {
   "Name": "Brown, Ethan",
   "Email": "brownea1@rose-hulman.edu"
 },
 {
   "Name": "Brown, Jermaine",
   "Email": "brownjl5@rose-hulman.edu"
 },
 {
   "Name": "Brown, Josh",
   "Email": "brownjs@rose-hulman.edu"
 },
 {
   "Name": "Brown, Ryan",
   "Email": "brownrl@rose-hulman.edu"
 },
 {
   "Name": "Brownell, Kyle",
   "Email": "brownekj@rose-hulman.edu"
 },
 {
   "Name": "Brubaker, Benjamin David",
   "Email": "brubakbd@rose-hulman.edu"
 },
 {
   "Name": "Brunkow, Vik",
   "Email": "brunkocl@rose-hulman.edu"
 },
 {
   "Name": "Brusniak, Sophie (2020)",
   "Email": "brusniss@rose-hulman.edu"
 },
 {
   "Name": "Bryant, Luke",
   "Email": "bryantl@rose-hulman.edu"
 },
 {
   "Name": "Buccelli, Garrett",
   "Email": "buccelgt@rose-hulman.edu"
 },
 {
   "Name": "Budak, Rob",
   "Email": "budakrc@rose-hulman.edu"
 },
 {
   "Name": "Burle, Aditya",
   "Email": "burlea@rose-hulman.edu"
 },
 {
   "Name": "Cai, Mingyang",
   "Email": "caim@rose-hulman.edu"
 },
 {
   "Name": "Calareso, Justin (2020)",
   "Email": "calarejf@rose-hulman.edu"
 },
 {
   "Name": "Cales, Nolan",
   "Email": "calesnm@rose-hulman.edu"
 },
 {
   "Name": "Campos, Anthony",
   "Email": "camposa@rose-hulman.edu"
 },
 {
   "Name": "Cao, Zachary",
   "Email": "caozz@rose-hulman.edu"
 },
 {
   "Name": "Caston, Kiana Riley",
   "Email": "castonkr@rose-hulman.edu"
 },
 {
   "Name": "Cerasoli, Max",
   "Email": "cerasoml@rose-hulman.edu"
 },
 {
   "Name": "Cermak, Aiden",
   "Email": "cermakal@rose-hulman.edu"
 },
 {
   "Name": "Cerritos, Esly",
   "Email": "cerritem@rose-hulman.edu"
 },
 {
   "Name": "Cesario, Luke",
   "Email": "cesarila@rose-hulman.edu"
 },
 {
   "Name": "Chai, Didi",
   "Email": "chaiq@rose-hulman.edu"
 },
 {
   "Name": "Chaidez, Johnny",
   "Email": "chaidejd@rose-hulman.edu"
 },
 {
   "Name": "Chakraborty, Praneet (2021)",
   "Email": "chakrap@rose-hulman.edu"
 },
 {
   "Name": "Chan, Brian",
   "Email": "chanb@rose-hulman.edu"
 },
 {
   "Name": "Chang, Seokhyun",
   "Email": "changs@rose-hulman.edu"
 },
 {
   "Name": "Chaplin, Max",
   "Email": "chaplim1@rose-hulman.edu"
 },
 {
   "Name": "Chatfield, Taylor (2020)",
   "Email": "chatfitt@rose-hulman.edu"
 },
 {
   "Name": "Cheesebourough, Jocelynn (2020)",
   "Email": "cheesejn@rose-hulman.edu"
 },
 {
   "Name": "Chen, Doris",
   "Email": "chenx16@rose-hulman.edu"
 },
 {
   "Name": "Chen, Eric",
   "Email": "chenz16@rose-hulman.edu"
 },
 {
   "Name": "Chen, Jason (2020)",
   "Email": "chenj10@rose-hulman.edu"
 },
 {
   "Name": "Chen, Junhao (2021)",
   "Email": "chenj11@rose-hulman.edu"
 },
 {
   "Name": "Chen, Lilin (2021)",
   "Email": "chenl4@rose-hulman.edu"
 },
 {
   "Name": "Chen, Mory",
   "Email": "chenm6@rose-hulman.edu"
 },
 {
   "Name": "Chen, Sybil",
   "Email": "chenx11@rose-hulman.edu"
 },
 {
   "Name": "Chen, Xiangbei (2020)",
   "Email": "chenx5@rose-hulman.edu"
 },
 {
   "Name": "Chen, Xiangnan (2021)",
   "Email": "chenx6@rose-hulman.edu"
 },
 {
   "Name": "Chen, Yifei (2020)",
   "Email": "cheny16@rose-hulman.edu"
 },
 {
   "Name": "Chen, Yutong",
   "Email": "cheny33@rose-hulman.edu"
 },
 {
   "Name": "Cheney, Terry",
   "Email": "cheneyat@rose-hulman.edu"
 },
 {
   "Name": "Chi, Jackson (2020)",
   "Email": "chij@rose-hulman.edu"
 },
 {
   "Name": "Choi, Jinyoung",
   "Email": "choij4@rose-hulman.edu"
 },
 {
   "Name": "Choi, Sang",
   "Email": "chois3@rose-hulman.edu"
 },
 {
   "Name": "Chowdavarapu, Abhinav",
   "Email": "chowdaa@rose-hulman.edu"
 },
 {
   "Name": "Christensen, Bruno",
   "Email": "christbj@rose-hulman.edu"
 },
 {
   "Name": "Chubb, Spencer",
   "Email": "chubbsw@rose-hulman.edu"
 },
 {
   "Name": "Ciepiela, Aneta (2020)",
   "Email": "ciepieab@rose-hulman.edu"
 },
 {
   "Name": "Clark, Tyson (2020)",
   "Email": "clarkta@rose-hulman.edu"
 },
 {
   "Name": "Cloninger, Luke (2019)",
   "Email": "clonintl@rose-hulman.edu"
 },
 {
   "Name": "Collins, Sarah",
   "Email": "collinse@rose-hulman.edu"
 },
 {
   "Name": "Colomes, Denny (2021)",
   "Email": "colomeda@rose-hulman.edu"
 },
 {
   "Name": "Condray-Raderstorf, Keith",
   "Email": "condrak@rose-hulman.edu"
 },
 {
   "Name": "Corridore, Gabe",
   "Email": "corridg@rose-hulman.edu"
 },
 {
   "Name": "Cramer, Jason",
   "Email": "cramerj1@rose-hulman.edu"
 },
 {
   "Name": "Crowell, Michael K",
   "Email": "crowelmk@rose-hulman.edu"
 },
 {
   "Name": "Crowell, Stephen (2021)",
   "Email": "crowelsl@rose-hulman.edu"
 },
 {
   "Name": "Cruz, Diego",
   "Email": "cruzd@rose-hulman.edu"
 },
 {
   "Name": "Cryer, Charlie",
   "Email": "cryerca@rose-hulman.edu"
 },
 {
   "Name": "Csomos, Dominic",
   "Email": "csomosdm@rose-hulman.edu"
 },
 {
   "Name": "Cui, Augustine (2021)",
   "Email": "cuiy1@rose-hulman.edu"
 },
 {
   "Name": "Dailey, August (2020)",
   "Email": "daileyab@rose-hulman.edu"
 },
 {
   "Name": "Dalic, Damian",
   "Email": "dalicdi@rose-hulman.edu"
 },
 {
   "Name": "Dang, Wenkang",
   "Email": "dangw@rose-hulman.edu"
 },
 {
   "Name": "Daugvila, Darius (2020)",
   "Email": "daugvidi@rose-hulman.edu"
 },
 {
   "Name": "Davis, Curtiss",
   "Email": "daviscl@rose-hulman.edu"
 },
 {
   "Name": "Davis, Olivia",
   "Email": "davisoc@rose-hulman.edu"
 },
 {
   "Name": "Day, Zeno",
   "Email": "dayjz@rose-hulman.edu"
 },
 {
   "Name": "de Jong, Winston",
   "Email": "dejongwm@rose-hulman.edu"
 },
 {
   "Name": "Decker, Zach",
   "Email": "deckerza@rose-hulman.edu"
 },
 {
   "Name": "Demakis, John",
   "Email": "demakijp@rose-hulman.edu"
 },
 {
   "Name": "Desai, Aditya",
   "Email": "desaiah@rose-hulman.edu"
 },
 {
   "Name": "Desai, Anand (2021)",
   "Email": "desaiaj@rose-hulman.edu"
 },
 {
   "Name": "DeWitt, Justin",
   "Email": "dewittjm@rose-hulman.edu"
 },
 {
   "Name": "Dharmavaram, Nikhil",
   "Email": "dharman@rose-hulman.edu"
 },
 {
   "Name": "Diatta, Baba",
   "Email": "diattabb@rose-hulman.edu"
 },
 {
   "Name": "Ding, Bowen",
   "Email": "dingb@rose-hulman.edu"
 },
 {
   "Name": "Djuric, Vuk",
   "Email": "djuricv@rose-hulman.edu"
 },
 {
   "Name": "Donaghy, Michael",
   "Email": "donaghmp@rose-hulman.edu"
 },
 {
   "Name": "Dong, Sheng",
   "Email": "sdong@rose-hulman.edu"
 },
 {
   "Name": "Donoho, Caleb (2020)",
   "Email": "donohoc1@rose-hulman.edu"
 },
 {
   "Name": "Dorsey, Cameron",
   "Email": "dorseycs@rose-hulman.edu"
 },
 {
   "Name": "Doschadis, Sydney",
   "Email": "doschasc@rose-hulman.edu"
 },
 {
   "Name": "Dripchak, Alex (2021)",
   "Email": "dripchar@rose-hulman.edu"
 },
 {
   "Name": "Du, Chuwei",
   "Email": "duc@rose-hulman.edu"
 },
 {
   "Name": "DuBois, Samantha",
   "Email": "duboissk@rose-hulman.edu"
 },
 {
   "Name": "Duchars, Grant",
   "Email": "ducharg@rose-hulman.edu"
 },
 {
   "Name": "Duff, Dillon",
   "Email": "duffdl@rose-hulman.edu"
 },
 {
   "Name": "Dummit, Rebecca (2020)",
   "Email": "dummitrj@rose-hulman.edu"
 },
 {
   "Name": "Dunaway, Sam (2021)",
   "Email": "dunawasg@rose-hulman.edu"
 },
 {
   "Name": "Duvall, Ari",
   "Email": "duvallar@rose-hulman.edu"
 },
 {
   "Name": "Eaddie, Richie",
   "Email": "eaddier@rose-hulman.edu"
 },
 {
   "Name": "Edwards, Braedyn",
   "Email": "edwardbs@rose-hulman.edu"
 },
 {
   "Name": "Ejde, Olivia (2020)",
   "Email": "ejdeoz@rose-hulman.edu"
 },
 {
   "Name": "Elayni, AJ",
   "Email": "elayniaj@rose-hulman.edu"
 },
 {
   "Name": "Evard, Luke (2020)",
   "Email": "evardl@rose-hulman.edu"
 },
 {
   "Name": "Fan, Zilu",
   "Email": "fanz2@rose-hulman.edu"
 },
 {
   "Name": "Fang, Jiaqi",
   "Email": "fangj@rose-hulman.edu"
 },
 {
   "Name": "Fang, Ray",
   "Email": "fangr@rose-hulman.edu"
 },
 {
   "Name": "Farrell, Ron",
   "Email": "farrelrn@rose-hulman.edu"
 },
 {
   "Name": "Fayoumi, Omar",
   "Email": "fayoumoa@rose-hulman.edu"
 },
 {
   "Name": "Feeley-Wheeler, Nolan",
   "Email": "feeleynj@rose-hulman.edu"
 },
 {
   "Name": "Feldman, Will",
   "Email": "feldmawa@rose-hulman.edu"
 },
 {
   "Name": "Feng, Carlos",
   "Email": "fengt1@rose-hulman.edu"
 },
 {
   "Name": "Feng, Yihui",
   "Email": "fengy3@rose-hulman.edu"
 },
 {
   "Name": "Field, Michael",
   "Email": "fieldms@rose-hulman.edu"
 },
 {
   "Name": "Finn, George W",
   "Email": "finngw@rose-hulman.edu"
 },
 {
   "Name": "Fiorito, Julian",
   "Email": "fioritjx@rose-hulman.edu"
 },
 {
   "Name": "Fletcher, Maddie",
   "Email": "fletchj1@rose-hulman.edu"
 },
 {
   "Name": "Flickinger, Samuel (2021)",
   "Email": "flickisc@rose-hulman.edu"
 },
 {
   "Name": "Fogarty, Liz",
   "Email": "fogartee@rose-hulman.edu"
 },
 {
   "Name": "Foote, Zachary Oliver",
   "Email": "footezo@rose-hulman.edu"
 },
 {
   "Name": "Forche, Andrew",
   "Email": "forcheac@rose-hulman.edu"
 },
 {
   "Name": "Foss, William",
   "Email": "fosswe@rose-hulman.edu"
 },
 {
   "Name": "Fowler, Ash (2021)",
   "Email": "fowlerae@rose-hulman.edu"
 },
 {
   "Name": "Francis, David Allen",
   "Email": "francida@rose-hulman.edu"
 },
 {
   "Name": "Frankel, Alex",
   "Email": "frankea1@rose-hulman.edu"
 },
 {
   "Name": "Fry, Anakin",
   "Email": "fryaj1@rose-hulman.edu"
 },
 {
   "Name": "Gao, Qiyue",
   "Email": "gaoq@rose-hulman.edu"
 },
 {
   "Name": "Gao, Yang (2020)",
   "Email": "gaoy2@rose-hulman.edu"
 },
 {
   "Name": "Gardner, William",
   "Email": "gardnejw@rose-hulman.edu"
 },
 {
   "Name": "Garvin, Campbell",
   "Email": "garvinac@rose-hulman.edu"
 },
 {
   "Name": "Gassert, Austin (2020)",
   "Email": "gasseram@rose-hulman.edu"
 },
 {
   "Name": "Gathof, Jacob Daniel",
   "Email": "gathofjd@rose-hulman.edu"
 },
 {
   "Name": "Gaull, Daniel",
   "Email": "gaulldj@rose-hulman.edu"
 },
 {
   "Name": "Gault, Zack",
   "Email": "gaultzt@rose-hulman.edu"
 },
 {
   "Name": "Gawron, Joey",
   "Email": "gawronja@rose-hulman.edu"
 },
 {
   "Name": "Geng, Hanshuo",
   "Email": "gengh2@rose-hulman.edu"
 },
 {
   "Name": "George, Nihaal (2020)",
   "Email": "georgenp@rose-hulman.edu"
 },
 {
   "Name": "Gettys, Charlie (2020)",
   "Email": "gettyscw@rose-hulman.edu"
 },
 {
   "Name": "Giles, Grant",
   "Email": "gilesgc@rose-hulman.edu"
 },
 {
   "Name": "Gilmore, Davis William",
   "Email": "gilmordw@rose-hulman.edu"
 },
 {
   "Name": "Gizaw, Abe",
   "Email": "gizawaa@rose-hulman.edu"
 },
 {
   "Name": "Goforth-Harmon, Meg",
   "Email": "gofortma@rose-hulman.edu"
 },
 {
   "Name": "Goldman, Taylor",
   "Email": "goldmate@rose-hulman.edu"
 },
 {
   "Name": "Good, Xander",
   "Email": "goodac@rose-hulman.edu"
 },
 {
   "Name": "Gothard, Ben (2021)",
   "Email": "gotharbg@rose-hulman.edu"
 },
 {
   "Name": "Gottlieb, David",
   "Email": "gottlijd@rose-hulman.edu"
 },
 {
   "Name": "Graham, Ben",
   "Email": "grahambd@rose-hulman.edu"
 },
 {
   "Name": "Graham, Will (2021)",
   "Email": "grahamw@rose-hulman.edu"
 },
 {
   "Name": "Grayless, Derek (2021)",
   "Email": "grayledw@rose-hulman.edu"
 },
 {
   "Name": "Grazioli, Dominic (2020)",
   "Email": "graziodj@rose-hulman.edu"
 },
 {
   "Name": "Greenberg, Matthew",
   "Email": "greenbmj@rose-hulman.edu"
 },
 {
   "Name": "Greenlee, Ryan Thomas",
   "Email": "greenlrt@rose-hulman.edu"
 },
 {
   "Name": "Gregory, Chris (2021)",
   "Email": "gregorcj@rose-hulman.edu"
 },
 {
   "Name": "Greiner, Nathan",
   "Email": "greinenc@rose-hulman.edu"
 },
 {
   "Name": "Grellman, Jake",
   "Email": "grellmja@rose-hulman.edu"
 },
 {
   "Name": "Greybill, Owen",
   "Email": "greybiop@rose-hulman.edu"
 },
 {
   "Name": "Gruninger, David (2021)",
   "Email": "grunindm@rose-hulman.edu"
 },
 {
   "Name": "Guo, Yuhan",
   "Email": "guoy1@rose-hulman.edu"
 },
 {
   "Name": "Gupta, Achintya",
   "Email": "guptaa5@rose-hulman.edu"
 },
 {
   "Name": "Ha, Elijah",
   "Email": "has@rose-hulman.edu"
 },
 {
   "Name": "Hall, Ben (2020)",
   "Email": "hallbh@rose-hulman.edu"
 },
 {
   "Name": "Hall, Nick",
   "Email": "hallnw@rose-hulman.edu"
 },
 {
   "Name": "Hall, Sam",
   "Email": "hallsr@rose-hulman.edu"
 },
 {
   "Name": "Hamilton, Eric",
   "Email": "hamilter@rose-hulman.edu"
 },
 {
   "Name": "Han, Derek",
   "Email": "handj1@rose-hulman.edu"
 },
 {
   "Name": "Hansel, Jackson",
   "Email": "hanseljt@rose-hulman.edu"
 },
 {
   "Name": "Hao, Yiju",
   "Email": "haoy1@rose-hulman.edu"
 },
 {
   "Name": "Harms, Ethan",
   "Email": "harmsej@rose-hulman.edu"
 },
 {
   "Name": "Harness, Rachel",
   "Email": "harnesrs@rose-hulman.edu"
 },
 {
   "Name": "Harris, Alex",
   "Email": "harrisap@rose-hulman.edu"
 },
 {
   "Name": "Harris, Sammy",
   "Email": "harrissi@rose-hulman.edu"
 },
 {
   "Name": "Hartman, Grant (2021)",
   "Email": "hartmagj@rose-hulman.edu"
 },
 {
   "Name": "Hatfield, Davis",
   "Email": "hatfiedl@rose-hulman.edu"
 },
 {
   "Name": "Hayes, Jordan",
   "Email": "hayesja1@rose-hulman.edu"
 },
 {
   "Name": "Hazelrigg, Jordan Alexander",
   "Email": "hazelrja@rose-hulman.edu"
 },
 {
   "Name": "He, Tianxi (2020)",
   "Email": "het@rose-hulman.edu"
 },
 {
   "Name": "Heffner, Noah",
   "Email": "heffnenw@rose-hulman.edu"
 },
 {
   "Name": "Heflinger, Jason",
   "Email": "heflinjn@rose-hulman.edu"
 },
 {
   "Name": "Hegg, Joey (2021)",
   "Email": "heggjv@rose-hulman.edu"
 },
 {
   "Name": "Henderson, Marcus",
   "Email": "hendermd@rose-hulman.edu"
 },
 {
   "Name": "Hendrich, Jacob (2021)",
   "Email": "hendrijm@rose-hulman.edu"
 },
 {
   "Name": "Herbert, Andy",
   "Email": "herberac@rose-hulman.edu"
 },
 {
   "Name": "Herbert, Darien",
   "Email": "herberd1@rose-hulman.edu"
 },
 {
   "Name": "Hernandez, Elias",
   "Email": "hernanre@rose-hulman.edu"
 },
 {
   "Name": "Hershberger, Charlie Adi",
   "Email": "hershbca@rose-hulman.edu"
 },
 {
   "Name": "Hicks, Hunter",
   "Email": "hickshj@rose-hulman.edu"
 },
 {
   "Name": "Hill, Liam",
   "Email": "hilll@rose-hulman.edu"
 },
 {
   "Name": "Hilliard, Rias (2020)",
   "Email": "hilliara@rose-hulman.edu"
 },
 {
   "Name": "Hogan, Grant",
   "Email": "hogangc@rose-hulman.edu"
 },
 {
   "Name": "Howard, Hart",
   "Email": "howardha@rose-hulman.edu"
 },
 {
   "Name": "Hriljac, Caitlin",
   "Email": "hriljacm@rose-hulman.edu"
 },
 {
   "Name": "Hu, Elon",
   "Email": "huy8@rose-hulman.edu"
 },
 {
   "Name": "Huang, Fengyi",
   "Email": "huangf1@rose-hulman.edu"
 },
 {
   "Name": "Huang, Jizhou (2020)",
   "Email": "huangj3@rose-hulman.edu"
 },
 {
   "Name": "Huang, Michael",
   "Email": "huangmj@rose-hulman.edu"
 },
 {
   "Name": "Huang, Zijian (2021)",
   "Email": "huangz2@rose-hulman.edu"
 },
 {
   "Name": "Humes, Zach",
   "Email": "humesze@rose-hulman.edu"
 },
 {
   "Name": "Hurtig, Nathan",
   "Email": "hurtigna@rose-hulman.edu"
 },
 {
   "Name": "Hyun, JaeJung (2020)",
   "Email": "hyunj@rose-hulman.edu"
 },
 {
   "Name": "Iasso, Alex",
   "Email": "iassoas@rose-hulman.edu"
 },
 {
   "Name": "Iasso, Nicholas Anthony",
   "Email": "iassona@rose-hulman.edu"
 },
 {
   "Name": "Inskeep, Derek",
   "Email": "inskeeda@rose-hulman.edu"
 },
 {
   "Name": "Intune Test",
   "Email": "intunetest@rosehulman.onmicrosoft.com"
 },
 {
   "Name": "Jadeja, Avichal",
   "Email": "jadejaan@rose-hulman.edu"
 },
 {
   "Name": "Janc, Aidan",
   "Email": "jancad@rose-hulman.edu"
 },
 {
   "Name": "Jiang (2018), Xingcheng",
   "Email": "jiangx1@rose-hulman.edu"
 },
 {
   "Name": "Jiang, Isco",
   "Email": "jiangx6@rose-hulman.edu"
 },
 {
   "Name": "Jiang, Qijun",
   "Email": "jiangq1@rose-hulman.edu"
 },
 {
   "Name": "Jiao, Qingyuan",
   "Email": "jiaoq@rose-hulman.edu"
 },
 {
   "Name": "Joens, Ben",
   "Email": "joensbj@rose-hulman.edu"
 },
 {
   "Name": "Johnson, Alex",
   "Email": "johnso23@rose-hulman.edu"
 },
 {
   "Name": "Johnson, Cambron (2020)",
   "Email": "johnsocp@rose-hulman.edu"
 },
 {
   "Name": "Johnson, Zach",
   "Email": "johnsoz2@rose-hulman.edu"
 },
 {
   "Name": "Joyner, Vernon Thomas",
   "Email": "joynervt@rose-hulman.edu"
 },
 {
   "Name": "Julian, Dalton",
   "Email": "julianda@rose-hulman.edu"
 },
 {
   "Name": "Jung, Steven",
   "Email": "jungs1@rose-hulman.edu"
 },
 {
   "Name": "Jurgens, Kati",
   "Email": "jurgenkr@rose-hulman.edu"
 },
 {
   "Name": "Keinsley, Christopher",
   "Email": "keinslc@rose-hulman.edu"
 },
 {
   "Name": "Kelley, Lewis (2018)",
   "Email": "kelleyld@rose-hulman.edu"
 },
 {
   "Name": "Kelly, Jack",
   "Email": "kellyjc@rose-hulman.edu"
 },
 {
   "Name": "Kelly, Maxwell R",
   "Email": "kellymr1@rose-hulman.edu"
 },
 {
   "Name": "Kenny, Michelle",
   "Email": "kennymm@rose-hulman.edu"
 },
 {
   "Name": "Kezdy, Annelise",
   "Email": "kezdyam@rose-hulman.edu"
 },
 {
   "Name": "Khan, Aden",
   "Email": "khanaa1@rose-hulman.edu"
 },
 {
   "Name": "Kim, Chris",
   "Email": "kimcs@rose-hulman.edu"
 },
 {
   "Name": "Kim, Edward",
   "Email": "kime5@rose-hulman.edu"
 },
 {
   "Name": "Kim, Eugene (2020)",
   "Email": "kime2@rose-hulman.edu"
 },
 {
   "Name": "Kim, Justin",
   "Email": "kimj16@rose-hulman.edu"
 },
 {
   "Name": "Kim, Sijin",
   "Email": "kims18@rose-hulman.edu"
 },
 {
   "Name": "Kim, Willie",
   "Email": "kimw1@rose-hulman.edu"
 },
 {
   "Name": "Kim, YoungJun",
   "Email": "kimy4@rose-hulman.edu"
 },
 {
   "Name": "King, Mike",
   "Email": "kingmg@rose-hulman.edu"
 },
 {
   "Name": "Kinnick, Brandon",
   "Email": "kinnicbj@rose-hulman.edu"
 },
 {
   "Name": "Kirk, Aidan",
   "Email": "kirkah@rose-hulman.edu"
 },
 {
   "Name": "Kline, Trey",
   "Email": "klinesr@rose-hulman.edu"
 },
 {
   "Name": "Knaack, Curtis",
   "Email": "knaackcw@rose-hulman.edu"
 },
 {
   "Name": "Knierman, Joseph (2020)",
   "Email": "kniermj@rose-hulman.edu"
 },
 {
   "Name": "Koh, James",
   "Email": "kohji@rose-hulman.edu"
 },
 {
   "Name": "Kosikowski, Andrew",
   "Email": "kosikoaj@rose-hulman.edu"
 },
 {
   "Name": "Kouassi, Alain (2021)",
   "Email": "kouassao@rose-hulman.edu"
 },
 {
   "Name": "Kremer, Addison Nichols",
   "Email": "kremeran@rose-hulman.edu"
 },
 {
   "Name": "Krishnan, Arudrra",
   "Email": "krishna@rose-hulman.edu"
 },
 {
   "Name": "Krzyzewski, Henry",
   "Email": "krzyzehj@rose-hulman.edu"
 },
 {
   "Name": "Kuhn, Josh (2020)",
   "Email": "kuhnja@rose-hulman.edu"
 },
 {
   "Name": "Kuznicki, Michael",
   "Email": "kuznicmd@rose-hulman.edu"
 },
 {
   "Name": "Labayog, Jasmine",
   "Email": "labayojt@rose-hulman.edu"
 },
 {
   "Name": "Lacy, Brevin (2021)",
   "Email": "lacybs@rose-hulman.edu"
 },
 {
   "Name": "LaKemper, Cullen",
   "Email": "lakempca@rose-hulman.edu"
 },
 {
   "Name": "Lakstins, Seth",
   "Email": "lakstise@rose-hulman.edu"
 },
 {
   "Name": "Lane, Kaylee",
   "Email": "laneks@rose-hulman.edu"
 },
 {
   "Name": "Largent, Nicholas",
   "Email": "largenns@rose-hulman.edu"
 },
 {
   "Name": "Le, Duy",
   "Email": "ledq@rose-hulman.edu"
 },
 {
   "Name": "Lee, Andrew",
   "Email": "leeaw@rose-hulman.edu"
 },
 {
   "Name": "Lee, Braxton",
   "Email": "leebt@rose-hulman.edu"
 },
 {
   "Name": "Lee, Junki",
   "Email": "leej25@rose-hulman.edu"
 },
 {
   "Name": "Lee, Lyra",
   "Email": "leey2@rose-hulman.edu"
 },
 {
   "Name": "Leister, Mathew",
   "Email": "leistemb@rose-hulman.edu"
 },
 {
   "Name": "Letscher, Emma",
   "Email": "letscher@rose-hulman.edu"
 },
 {
   "Name": "Li, Da",
   "Email": "lid2@rose-hulman.edu"
 },
 {
   "Name": "Li, James",
   "Email": "lij15@rose-hulman.edu"
 },
 {
   "Name": "Li, Ke",
   "Email": "lik6@rose-hulman.edu"
 },
 {
   "Name": "Li, Lingyun (2021)",
   "Email": "lil4@rose-hulman.edu"
 },
 {
   "Name": "Li, Mashengjun",
   "Email": "lim5@rose-hulman.edu"
 },
 {
   "Name": "Li, Weite (2020)",
   "Email": "liw4@rose-hulman.edu"
 },
 {
   "Name": "Li, Yifei (2020)",
   "Email": "liy12@rose-hulman.edu"
 },
 {
   "Name": "Liao, Zeyu",
   "Email": "liaoz1@rose-hulman.edu"
 },
 {
   "Name": "Lin, Dylan",
   "Email": "lind3@rose-hulman.edu"
 },
 {
   "Name": "Lin, Fengrui",
   "Email": "linf@rose-hulman.edu"
 },
 {
   "Name": "Lin, Jiafan",
   "Email": "linj3@rose-hulman.edu"
 },
 {
   "Name": "Lin, Jing (2021)",
   "Email": "linj2@rose-hulman.edu"
 },
 {
   "Name": "Linerode, Matthew",
   "Email": "lineromj@rose-hulman.edu"
 },
 {
   "Name": "Liu, Ainsley",
   "Email": "liuh8@rose-hulman.edu"
 },
 {
   "Name": "Liu, Ao",
   "Email": "liua1@rose-hulman.edu"
 },
 {
   "Name": "Liu, Borui",
   "Email": "liub5@rose-hulman.edu"
 },
 {
   "Name": "Liu, Brandon",
   "Email": "liub4@rose-hulman.edu"
 },
 {
   "Name": "Liu, Xusheng (2021)",
   "Email": "liux6@rose-hulman.edu"
 },
 {
   "Name": "Liu, Yingeng",
   "Email": "liuy29@rose-hulman.edu"
 },
 {
   "Name": "Liu, Zhuochen (2020)",
   "Email": "liuz7@rose-hulman.edu"
 },
 {
   "Name": "Liu, Zishan (2020)",
   "Email": "liuz6@rose-hulman.edu"
 },
 {
   "Name": "Loafman, Nathan",
   "Email": "loafmant@rose-hulman.edu"
 },
 {
   "Name": "Lopez, Manuel",
   "Email": "lopezmo@rose-hulman.edu"
 },
 {
   "Name": "Lowe, Joshua",
   "Email": "lowej2@rose-hulman.edu"
 },
 {
   "Name": "Loyd, Allyn",
   "Email": "loydma@rose-hulman.edu"
 },
 {
   "Name": "Luo, Song (2020)",
   "Email": "luos@rose-hulman.edu"
 },
 {
   "Name": "Luttrell, Dylan",
   "Email": "luttredn@rose-hulman.edu"
 },
 {
   "Name": "Ly, Jaecar",
   "Email": "lyjb1@rose-hulman.edu"
 },
 {
   "Name": "Lynch, Noah",
   "Email": "lynchnw@rose-hulman.edu"
 },
 {
   "Name": "Lyons, Matthew (2020)",
   "Email": "lyonsmj@rose-hulman.edu"
 },
 {
   "Name": "Lyu, Chengqian (2021)",
   "Email": "lyuc@rose-hulman.edu"
 },
 {
   "Name": "Lyu, Hardy",
   "Email": "lyuh@rose-hulman.edu"
 },
 {
   "Name": "Ma, Wenze",
   "Email": "maw1@rose-hulman.edu"
 },
 {
   "Name": "Ma, Yiyu (2020)",
   "Email": "may2@rose-hulman.edu"
 },
 {
   "Name": "Maertens, Heinrich",
   "Email": "maertehp@rose-hulman.edu"
 },
 {
   "Name": "Malik (2016), Joe P.",
   "Email": "malikjp@rose-hulman.edu"
 },
 {
   "Name": "Maquelin, Evelyne A",
   "Email": "maquelea@rose-hulman.edu"
 },
 {
   "Name": "Maranda, Canon",
   "Email": "marandcp@rose-hulman.edu"
 },
 {
   "Name": "Marcus, Brandon",
   "Email": "marcusbc@rose-hulman.edu"
 },
 {
   "Name": "Marcus, Seth",
   "Email": "marcussr@rose-hulman.edu"
 },
 {
   "Name": "Martin, Tony",
   "Email": "martina9@rose-hulman.edu"
 },
 {
   "Name": "Martinez, Matthew",
   "Email": "martinms@rose-hulman.edu"
 },
 {
   "Name": "Masters, Miranda (2020)",
   "Email": "mastermk@rose-hulman.edu"
 },
 {
   "Name": "Masur, Hunter",
   "Email": "masurhj@rose-hulman.edu"
 },
 {
   "Name": "Matthews, Aidan",
   "Email": "matthea1@rose-hulman.edu"
 },
 {
   "Name": "Mattick, Hayden",
   "Email": "mattichj@rose-hulman.edu"
 },
 {
   "Name": "Maxwell, Emily",
   "Email": "maxwelea@rose-hulman.edu"
 },
 {
   "Name": "McClary, John Patrick",
   "Email": "mcclarjp@rose-hulman.edu"
 },
 {
   "Name": "McClenahan, Matthew",
   "Email": "mcclenms@rose-hulman.edu"
 },
 {
   "Name": "McDonald, Connor",
   "Email": "mcdonacj@rose-hulman.edu"
 },
 {
   "Name": "McEvoy, Will",
   "Email": "mcevoywj@rose-hulman.edu"
 },
 {
   "Name": "McGee, Myon",
   "Email": "mcgeeml@rose-hulman.edu"
 },
 {
   "Name": "McKee (2018), Andrew J.",
   "Email": "mckeeaj@rose-hulman.edu"
 },
 {
   "Name": "McKee, Duncan",
   "Email": "mckeed@rose-hulman.edu"
 },
 {
   "Name": "McKown, Quinn (2021)",
   "Email": "mckownqa@rose-hulman.edu"
 },
 {
   "Name": "McMahon, Cherise (2021)",
   "Email": "mcmahoce@rose-hulman.edu"
 },
 {
   "Name": "McMahon, Luke",
   "Email": "mcmaholc@rose-hulman.edu"
 },
 {
   "Name": "McNeil, Luke",
   "Email": "mcneill1@rose-hulman.edu"
 },
 {
   "Name": "Mehringer, Devin",
   "Email": "mehrindc@rose-hulman.edu"
 },
 {
   "Name": "Meinzen, Christian",
   "Email": "meinzecp@rose-hulman.edu"
 },
 {
   "Name": "Meng, Andrew",
   "Email": "menga@rose-hulman.edu"
 },
 {
   "Name": "Merz, Megan",
   "Email": "merzm@rose-hulman.edu"
 },
 {
   "Name": "Metzger, Lucas (2018)",
   "Email": "metzgelh@rose-hulman.edu"
 },
 {
   "Name": "Milanowski, Jake",
   "Email": "milanoj@rose-hulman.edu"
 },
 {
   "Name": "Mills, Andrew",
   "Email": "millsar@rose-hulman.edu"
 },
 {
   "Name": "Milner, Brayden",
   "Email": "milnerbw@rose-hulman.edu"
 },
 {
   "Name": "Mongoven, Sean (2021)",
   "Email": "mongovsp@rose-hulman.edu"
 },
 {
   "Name": "Moore, Collin Timothy",
   "Email": "moorect@rose-hulman.edu"
 },
 {
   "Name": "Morales Campoverde, Elvis",
   "Email": "moraleej@rose-hulman.edu"
 },
 {
   "Name": "Morehart, Stephanie",
   "Email": "morehask@rose-hulman.edu"
 },
 {
   "Name": "Morgan, Bailey (2021)",
   "Email": "morganbm@rose-hulman.edu"
 },
 {
   "Name": "Morris, Collin",
   "Email": "morrisc1@rose-hulman.edu"
 },
 {
   "Name": "Morris, Nyomi",
   "Email": "morrisnc@rose-hulman.edu"
 },
 {
   "Name": "Morton, Trevor Clark",
   "Email": "mortontc@rose-hulman.edu"
 },
 {
   "Name": "Mosteller, Caleb",
   "Email": "mostelcj@rose-hulman.edu"
 },
 {
   "Name": "Moyers, Jonathan",
   "Email": "moyersjm@rose-hulman.edu"
 },
 {
   "Name": "Mui, Anthony",
   "Email": "muian@rose-hulman.edu"
 },
 {
   "Name": "Munro, Sam",
   "Email": "munrosl@rose-hulman.edu"
 },
 {
   "Name": "Murray, Mitchell L.",
   "Email": "murrayml@rose-hulman.edu"
 },
 {
   "Name": "Murray, Tommy",
   "Email": "murraytr@rose-hulman.edu"
 },
 {
   "Name": "Musser, Shiloh (2021)",
   "Email": "mussersl@rose-hulman.edu"
 },
 {
   "Name": "Naik, Vidhu",
   "Email": "naikv@rose-hulman.edu"
 },
 {
   "Name": "Namburi, Srikar",
   "Email": "namburs@rose-hulman.edu"
 },
 {
   "Name": "Napiwocki, En-En",
   "Email": "napiwoej@rose-hulman.edu"
 },
 {
   "Name": "Naseem, Abizer",
   "Email": "naseema@rose-hulman.edu"
 },
 {
   "Name": "Neelappa, Daniel P",
   "Email": "neelapdp@rose-hulman.edu"
 },
 {
   "Name": "Nees, Sylvia (2020)",
   "Email": "neessc@rose-hulman.edu"
 },
 {
   "Name": "Nelson, D.J.",
   "Email": "nelsond1@rose-hulman.edu"
 },
 {
   "Name": "Ngammankongtangkit, Yok",
   "Email": "ngammas1@rose-hulman.edu"
 },
 {
   "Name": "Nie, Nigel",
   "Email": "niey@rose-hulman.edu"
 },
 {
   "Name": "Nikolic, Ryan",
   "Email": "nikolira@rose-hulman.edu"
 },
 {
   "Name": "Norfleet, Ethan",
   "Email": "norflewe@rose-hulman.edu"
 },
 {
   "Name": "Norris, Josh",
   "Email": "norrisjr@rose-hulman.edu"
 },
 {
   "Name": "Nurrenberg, Christopher David",
   "Email": "nurrencd@rose-hulman.edu"
 },
 {
   "Name": "Nutt, Michael (2021)",
   "Email": "nuttmj@rose-hulman.edu"
 },
 {
   "Name": "Oaldon, Dominic",
   "Email": "oaldonda@rose-hulman.edu"
 },
 {
   "Name": "O'Brien, Evan",
   "Email": "obrienem@rose-hulman.edu"
 },
 {
   "Name": "Olabintan, Michael",
   "Email": "olabinmo@rose-hulman.edu"
 },
 {
   "Name": "Olinger, Jacob",
   "Email": "olingejj@rose-hulman.edu"
 },
 {
   "Name": "Orians, Andrew",
   "Email": "oriansaj@rose-hulman.edu"
 },
 {
   "Name": "Oriold, Ben (2019)",
   "Email": "orioldba@rose-hulman.edu"
 },
 {
   "Name": "Otay, Emre",
   "Email": "otayf@rose-hulman.edu"
 },
 {
   "Name": "Ouyang, Ruoqing (2021)",
   "Email": "ouyangr@rose-hulman.edu"
 },
 {
   "Name": "Pabba, Amruth (2021)",
   "Email": "pabbaac@rose-hulman.edu"
 },
 {
   "Name": "Padgett, Jr., Wayne",
   "Email": "padgett1@rose-hulman.edu"
 },
 {
   "Name": "Palamuttam, Joshua George",
   "Email": "palamujg@rose-hulman.edu"
 },
 {
   "Name": "Pan, Hongzheng",
   "Email": "panh1@rose-hulman.edu"
 },
 {
   "Name": "Pang, Jianan (2021)",
   "Email": "pangj@rose-hulman.edu"
 },
 {
   "Name": "Parkhurst, Cade",
   "Email": "parkhuca@rose-hulman.edu"
 },
 {
   "Name": "Pascente, Andrew",
   "Email": "pascenaj@rose-hulman.edu"
 },
 {
   "Name": "Patwari, Vishrut",
   "Email": "patwarv@rose-hulman.edu"
 },
 {
   "Name": "Payne, Stephen",
   "Email": "paynesc@rose-hulman.edu"
 },
 {
   "Name": "Payton, Zach (2020)",
   "Email": "paytonzk@rose-hulman.edu"
 },
 {
   "Name": "Pender, Brad (2020)",
   "Email": "penderbm@rose-hulman.edu"
 },
 {
   "Name": "Penry, Olivia (2020)",
   "Email": "penryoa@rose-hulman.edu"
 },
 {
   "Name": "Perry, Cole",
   "Email": "perryca@rose-hulman.edu"
 },
 {
   "Name": "Peters, Joe",
   "Email": "petersjl@rose-hulman.edu"
 },
 {
   "Name": "Peterson, John C",
   "Email": "petersjc@rose-hulman.edu"
 },
 {
   "Name": "Petrisko, Jacob (2021)",
   "Email": "petrisjj@rose-hulman.edu"
 },
 {
   "Name": "Petrisko, Jared",
   "Email": "petrisjs@rose-hulman.edu"
 },
 {
   "Name": "Phillips, Avery",
   "Email": "phillial@rose-hulman.edu"
 },
 {
   "Name": "Phillips, Megan (2020)",
   "Email": "phillim@rose-hulman.edu"
 },
 {
   "Name": "Phillips, Reed",
   "Email": "phillirc@rose-hulman.edu"
 },
 {
   "Name": "Phoon, Gordon (2020)",
   "Email": "phoongm@rose-hulman.edu"
 },
 {
   "Name": "Pinkston, Alyssa",
   "Email": "pinksta1@rose-hulman.edu"
 },
 {
   "Name": "Pinney, Jacob",
   "Email": "pinneyja@rose-hulman.edu"
 },
 {
   "Name": "Pisciotta, Nick",
   "Email": "piscionj@rose-hulman.edu"
 },
 {
   "Name": "Pittman, Connor (2020)",
   "Email": "pittmacm@rose-hulman.edu"
 },
 {
   "Name": "Polonus, Sam",
   "Email": "polonusb@rose-hulman.edu"
 },
 {
   "Name": "Polster, Alec",
   "Email": "polsteaj@rose-hulman.edu"
 },
 {
   "Name": "Powell, Owen",
   "Email": "powellot@rose-hulman.edu"
 },
 {
   "Name": "Purdy, David",
   "Email": "purdydj@rose-hulman.edu"
 },
 {
   "Name": "Qian, Wenzi",
   "Email": "qianw1@rose-hulman.edu"
 },
 {
   "Name": "Qiu, Jiacheng",
   "Email": "qiuj1@rose-hulman.edu"
 },
 {
   "Name": "Raghuram, Abilash (2021)",
   "Email": "raghura@rose-hulman.edu"
 },
 {
   "Name": "Ragland, Matthew",
   "Email": "raglanma@rose-hulman.edu"
 },
 {
   "Name": "Ramji, Adithya",
   "Email": "ramjia@rose-hulman.edu"
 },
 {
   "Name": "Record, Braeden",
   "Email": "recordba@rose-hulman.edu"
 },
 {
   "Name": "Reddy, Vanshika (2021)",
   "Email": "reddyvs@rose-hulman.edu"
 },
 {
   "Name": "Reel, Jonah (2019)",
   "Email": "reeljm@rose-hulman.edu"
 },
 {
   "Name": "Reese, Michelle (2020)",
   "Email": "reesemm@rose-hulman.edu"
 },
 {
   "Name": "Ren, Timothy",
   "Email": "rens@rose-hulman.edu"
 },
 {
   "Name": "Rigg, Jaden",
   "Email": "riggj@rose-hulman.edu"
 },
 {
   "Name": "Ripperda, Grant",
   "Email": "rippergm@rose-hulman.edu"
 },
 {
   "Name": "Ritenour, Jacob",
   "Email": "ritenojb@rose-hulman.edu"
 },
 {
   "Name": "Roberts, Ben",
   "Email": "robertbw@rose-hulman.edu"
 },
 {
   "Name": "Robinson, Riley",
   "Email": "robinsr2@rose-hulman.edu"
 },
 {
   "Name": "Rodriguez, Alicia",
   "Email": "rodrigam@rose-hulman.edu"
 },
 {
   "Name": "Roehm, Joshua",
   "Email": "roehmjp2@rose-hulman.edu"
 },
 {
   "Name": "Rogers, Jonathan",
   "Email": "rogersj1@rose-hulman.edu"
 },
 {
   "Name": "Rohrer, Gavin",
   "Email": "rohrergj@rose-hulman.edu"
 },
 {
   "Name": "Rosen, Ari",
   "Email": "rosenas@rose-hulman.edu"
 },
 {
   "Name": "Rosenberg, Jacob",
   "Email": "rosenbjg@rose-hulman.edu"
 },
 {
   "Name": "Roth, Omar",
   "Email": "rotho@rose-hulman.edu"
 },
 {
   "Name": "Rouse, Matthew",
   "Email": "rousems@rose-hulman.edu"
 },
 {
   "Name": "Runke, Andrew",
   "Email": "runkeat@rose-hulman.edu"
 },
 {
   "Name": "Russell, Alyssa",
   "Email": "russela@rose-hulman.edu"
 },
 {
   "Name": "Russell, Jessica",
   "Email": "russelj@rose-hulman.edu"
 },
 {
   "Name": "Russell, Sam",
   "Email": "russelss@rose-hulman.edu"
 },
 {
   "Name": "Ryu, Byunghoon",
   "Email": "ryub@rose-hulman.edu"
 },
 {
   "Name": "Salucci, Noah",
   "Email": "saluccnl@rose-hulman.edu"
 },
 {
   "Name": "Sam-Ogaga, Ruke",
   "Email": "samogaoe@rose-hulman.edu"
 },
 {
   "Name": "Samp, Christopher Robert",
   "Email": "sampcr@rose-hulman.edu"
 },
 {
   "Name": "Sampson, David",
   "Email": "sampsod1@rose-hulman.edu"
 },
 {
   "Name": "Sanchez, Dauntae (2021)",
   "Email": "sanchede@rose-hulman.edu"
 },
 {
   "Name": "Sanchez, Nate",
   "Email": "sanchenj@rose-hulman.edu"
 },
 {
   "Name": "Sander, Aidan",
   "Email": "sanderat@rose-hulman.edu"
 },
 {
   "Name": "Saraf, Ishan (2020)",
   "Email": "sarafi@rose-hulman.edu"
 },
 {
   "Name": "Satkoski, Brennan",
   "Email": "satkosb@rose-hulman.edu"
 },
 {
   "Name": "Schafer, Zachary P",
   "Email": "schafezp@rose-hulman.edu"
 },
 {
   "Name": "Schaffer, Linde Lee",
   "Email": "schaffll@rose-hulman.edu"
 },
 {
   "Name": "Scheibe, Jacob",
   "Email": "scheibje@rose-hulman.edu"
 },
 {
   "Name": "Scheiner, Tristan",
   "Email": "scheintc@rose-hulman.edu"
 },
 {
   "Name": "Scheumann, Dylan",
   "Email": "scheumdm@rose-hulman.edu"
 },
 {
   "Name": "Schlundt, Caleb",
   "Email": "schluncg@rose-hulman.edu"
 },
 {
   "Name": "Schmidt, Anthony (2021)",
   "Email": "schmidaa@rose-hulman.edu"
 },
 {
   "Name": "Schulte, Connor",
   "Email": "schultc2@rose-hulman.edu"
 },
 {
   "Name": "Scott, Jasmine",
   "Email": "scottjm1@rose-hulman.edu"
 },
 {
   "Name": "Seiler, Aria",
   "Email": "seilerar@rose-hulman.edu"
 },
 {
   "Name": "Sellers, Evan",
   "Email": "sellerew@rose-hulman.edu"
 },
 {
   "Name": "Senthilvel, Aditya",
   "Email": "senthia1@rose-hulman.edu"
 },
 {
   "Name": "Sessions, Will",
   "Email": "sessiowr@rose-hulman.edu"
 },
 {
   "Name": "Seto, Jenna Samantha",
   "Email": "setojs@rose-hulman.edu"
 },
 {
   "Name": "Sexton, Olivia",
   "Email": "sextonom@rose-hulman.edu"
 },
 {
   "Name": "Shafer, Wyatt (2020)",
   "Email": "shaferw@rose-hulman.edu"
 },
 {
   "Name": "Shah, Neelie",
   "Email": "shahnv@rose-hulman.edu"
 },
 {
   "Name": "Shaw, Lauren",
   "Email": "shawlf@rose-hulman.edu"
 },
 {
   "Name": "She, XinRui",
   "Email": "shex@rose-hulman.edu"
 },
 {
   "Name": "Shen, Jackson",
   "Email": "shenj7@rose-hulman.edu"
 },
 {
   "Name": "Sheng, Jinhao",
   "Email": "shengj1@rose-hulman.edu"
 },
 {
   "Name": "Shin, Yelim",
   "Email": "shiny4@rose-hulman.edu"
 },
 {
   "Name": "Shoultz, Caleb",
   "Email": "shoultce@rose-hulman.edu"
 },
 {
   "Name": "Siebenthaler, Wes (2020)",
   "Email": "siebenwa@rose-hulman.edu"
 },
 {
   "Name": "Simpson, Elliott",
   "Email": "simpsoej@rose-hulman.edu"
 },
 {
   "Name": "Singh, Anirudh (2019)",
   "Email": "singhab@rose-hulman.edu"
 },
 {
   "Name": "Siripuram, Rahul",
   "Email": "siripur@rose-hulman.edu"
 },
 {
   "Name": "Sk, Jitmanyu",
   "Email": "skj@rose-hulman.edu"
 },
 {
   "Name": "Slater, Evan",
   "Email": "slatere@rose-hulman.edu"
 },
 {
   "Name": "Slaughter, Brionna (2021)",
   "Email": "slaughb@rose-hulman.edu"
 },
 {
   "Name": "Smiley, Lauren",
   "Email": "smileyle@rose-hulman.edu"
 },
 {
   "Name": "Smith, Ben (2021)",
   "Email": "smithbw@rose-hulman.edu"
 },
 {
   "Name": "Smith, Brody",
   "Email": "smithbk@rose-hulman.edu"
 },
 {
   "Name": "Smith, Logan Bryce",
   "Email": "smithlb@rose-hulman.edu"
 },
 {
   "Name": "Snider, Simon",
   "Email": "snidersa@rose-hulman.edu"
 },
 {
   "Name": "Song, David",
   "Email": "songz1@rose-hulman.edu"
 },
 {
   "Name": "Song, Richard",
   "Email": "songrh@rose-hulman.edu"
 },
 {
   "Name": "Song, Weimu",
   "Email": "songw@rose-hulman.edu"
 },
 {
   "Name": "Sonneborn, Tyrus (2020)",
   "Email": "sonnebtb@rose-hulman.edu"
 },
 {
   "Name": "Sorenson, Elliya",
   "Email": "sorensej@rose-hulman.edu"
 },
 {
   "Name": "Speedy, Jackson (2021)",
   "Email": "speedyj1@rose-hulman.edu"
 },
 {
   "Name": "Speitel, Tyler",
   "Email": "speitetr@rose-hulman.edu"
 },
 {
   "Name": "Spevak, Joshua",
   "Email": "spevakj1@rose-hulman.edu"
 },
 {
   "Name": "Srivastava, Indresh (2020)",
   "Email": "srivasis@rose-hulman.edu"
 },
 {
   "Name": "Staples, Russel",
   "Email": "stapler@rose-hulman.edu"
 },
 {
   "Name": "Stedham, Ian",
   "Email": "stedhai@rose-hulman.edu"
 },
 {
   "Name": "Steiner, Chris",
   "Email": "steineca@rose-hulman.edu"
 },
 {
   "Name": "Steiner, Cody",
   "Email": "steinecs@rose-hulman.edu"
 },
 {
   "Name": "Steward, Hailey",
   "Email": "stewarhr@rose-hulman.edu"
 },
 {
   "Name": "Stieby, Sam",
   "Email": "stiebysd@rose-hulman.edu"
 },
 {
   "Name": "Stockwell, Joy",
   "Email": "stockwja@rose-hulman.edu"
 },
 {
   "Name": "Storoe, Blake",
   "Email": "storoeb1@rose-hulman.edu"
 },
 {
   "Name": "Stout, Christian",
   "Email": "stoutcl@rose-hulman.edu"
 },
 {
   "Name": "Subramanya, Rithvik (2020)",
   "Email": "subramrr@rose-hulman.edu"
 },
 {
   "Name": "Sugiyama, Taisuke",
   "Email": "sugiyat@rose-hulman.edu"
 },
 {
   "Name": "Summerville, Macartan",
   "Email": "summermt@rose-hulman.edu"
 },
 {
   "Name": "Sun, Zhaoyuan",
   "Email": "sunz1@rose-hulman.edu"
 },
 {
   "Name": "Suvarna, Adit",
   "Email": "suvarna@rose-hulman.edu"
 },
 {
   "Name": "Swatek, Austin",
   "Email": "swatekaj@rose-hulman.edu"
 },
 {
   "Name": "Tao, Zhen",
   "Email": "taoz@rose-hulman.edu"
 },
 {
   "Name": "Taskan, Deniz",
   "Email": "taskand@rose-hulman.edu"
 },
 {
   "Name": "Tate, Reid",
   "Email": "tatebr@rose-hulman.edu"
 },
 {
   "Name": "Taylor, Zachary Andrew",
   "Email": "taylorz1@rose-hulman.edu"
 },
 {
   "Name": "Tepley, Natasha A",
   "Email": "tepleyna@rose-hulman.edu"
 },
 {
   "Name": "Thelen, Zach",
   "Email": "thelenzr@rose-hulman.edu"
 },
 {
   "Name": "Thesken, William",
   "Email": "theskewk@rose-hulman.edu"
 },
 {
   "Name": "Thorp, Jack",
   "Email": "thorpjj@rose-hulman.edu"
 },
 {
   "Name": "Tian, Simon",
   "Email": "tianr@rose-hulman.edu"
 },
 {
   "Name": "Toftner, Bennett",
   "Email": "toftnebj@rose-hulman.edu"
 },
 {
   "Name": "Tompkins, Tyler",
   "Email": "tompkit@rose-hulman.edu"
 },
 {
   "Name": "Tran, Nhan",
   "Email": "trannm@rose-hulman.edu"
 },
 {
   "Name": "Trudt, Owen",
   "Email": "trudtoj@rose-hulman.edu"
 },
 {
   "Name": "Trujillo, Matt",
   "Email": "trujilsm@rose-hulman.edu"
 },
 {
   "Name": "Tu, Eric (2021)",
   "Email": "tuey@rose-hulman.edu"
 },
 {
   "Name": "Turkistani, Azzam",
   "Email": "turkisaa@rose-hulman.edu"
 },
 {
   "Name": "Tutt, Liana",
   "Email": "tuttlr@rose-hulman.edu"
 },
 {
   "Name": "Urbonas, Lukas",
   "Email": "urbonal@rose-hulman.edu"
 },
 {
   "Name": "Vakhitov, Bohdan",
   "Email": "vakhitb@rose-hulman.edu"
 },
 {
   "Name": "Van Pelt, Wesley C",
   "Email": "vanpelwc@rose-hulman.edu"
 },
 {
   "Name": "Vance, Ryan",
   "Email": "vancerm@rose-hulman.edu"
 },
 {
   "Name": "Vazzana, Audrey",
   "Email": "vazzanam@rose-hulman.edu"
 },
 {
   "Name": "Veal, Brady",
   "Email": "vealbw@rose-hulman.edu"
 },
 {
   "Name": "Vener, Dylan Michael",
   "Email": "venerdm@rose-hulman.edu"
 },
 {
   "Name": "Villeneuve, Chase",
   "Email": "villencr@rose-hulman.edu"
 },
 {
   "Name": "Vo, Darist",
   "Email": "vodv@rose-hulman.edu"
 },
 {
   "Name": "Voltmer, Keith",
   "Email": "voltmek@rose-hulman.edu"
 },
 {
   "Name": "Vorhees, Keegan",
   "Email": "vorheeks@rose-hulman.edu"
 },
 {
   "Name": "Wagner, Lane",
   "Email": "wagnerl1@rose-hulman.edu"
 },
 {
   "Name": "Walcott, Josh",
   "Email": "walcotjc@rose-hulman.edu"
 },
 {
   "Name": "Walkowski, Andrew",
   "Email": "walkowae@rose-hulman.edu"
 },
 {
   "Name": "Wallace, Levi",
   "Email": "wallacls@rose-hulman.edu"
 },
 {
   "Name": "Wallis, Jake",
   "Email": "wallisjm@rose-hulman.edu"
 },
 {
   "Name": "Wang, Cehong",
   "Email": "wangc7@rose-hulman.edu"
 },
 {
   "Name": "Wang, Curtis (2021)",
   "Email": "wangc6@rose-hulman.edu"
 },
 {
   "Name": "Wang, Helen",
   "Email": "wangy51@rose-hulman.edu"
 },
 {
   "Name": "Wang, Jiadi",
   "Email": "wangj19@rose-hulman.edu"
 },
 {
   "Name": "Wang, Lanxi (2020)",
   "Email": "wangl3@rose-hulman.edu"
 },
 {
   "Name": "Wang, Max (2021)",
   "Email": "wangj14@rose-hulman.edu"
 },
 {
   "Name": "Wang, Yiyuan (2021)",
   "Email": "wangy18@rose-hulman.edu"
 },
 {
   "Name": "Wang, Yuankai",
   "Email": "wangy16@rose-hulman.edu"
 },
 {
   "Name": "Wang, Zeen",
   "Email": "wangz30@rose-hulman.edu"
 },
 {
   "Name": "Ward, Katrina",
   "Email": "wardkm@rose-hulman.edu"
 },
 {
   "Name": "Watson, Elijah",
   "Email": "watsonet@rose-hulman.edu"
 },
 {
   "Name": "Wei, Yunzhe",
   "Email": "weiy5@rose-hulman.edu"
 },
 {
   "Name": "Wertz, Seth",
   "Email": "wertzsw@rose-hulman.edu"
 },
 {
   "Name": "White, Andrew (2021)",
   "Email": "whiteaj2@rose-hulman.edu"
 },
 {
   "Name": "White, Kaileb",
   "Email": "whitekz@rose-hulman.edu"
 },
 {
   "Name": "White, Quinlan",
   "Email": "whiteqd@rose-hulman.edu"
 },
 {
   "Name": "Wight, Harrison",
   "Email": "wighths@rose-hulman.edu"
 },
 {
   "Name": "Wohlpart, Jennifer Rose",
   "Email": "wohlpajr@rose-hulman.edu"
 },
 {
   "Name": "Womack, James",
   "Email": "womackjr@rose-hulman.edu"
 },
 {
   "Name": "Wong, Alexander Zhenyu",
   "Email": "wongaz@rose-hulman.edu"
 },
 {
   "Name": "Wooten, Jeremiah",
   "Email": "wootenjt@rose-hulman.edu"
 },
 {
   "Name": "Worcester, Andy (2021)",
   "Email": "worcesac@rose-hulman.edu"
 },
 {
   "Name": "Wright, Ethan",
   "Email": "wrighte2@rose-hulman.edu"
 },
 {
   "Name": "Wu, Shixin",
   "Email": "wus4@rose-hulman.edu"
 },
 {
   "Name": "Wu, Yilun",
   "Email": "wuy8@rose-hulman.edu"
 },
 {
   "Name": "Wukusick, Luke",
   "Email": "wukusil@rose-hulman.edu"
 },
 {
   "Name": "Wyness, Grant",
   "Email": "wynessgp@rose-hulman.edu"
 },
 {
   "Name": "Wynn, Andrea",
   "Email": "wynna@rose-hulman.edu"
 },
 {
   "Name": "Xi, Tony (2021)",
   "Email": "xix1@rose-hulman.edu"
 },
 {
   "Name": "Xia, Sean",
   "Email": "xias@rose-hulman.edu"
 },
 {
   "Name": "Xia, Zezhi",
   "Email": "xiaz@rose-hulman.edu"
 },
 {
   "Name": "Xiang, Jessica",
   "Email": "xiangjc@rose-hulman.edu"
 },
 {
   "Name": "Xie, Kaiyu (2020)",
   "Email": "xiek@rose-hulman.edu"
 },
 {
   "Name": "Xie, Yicong (2020)",
   "Email": "xiey2@rose-hulman.edu"
 },
 {
   "Name": "Xin, Xiao",
   "Email": "xinx@rose-hulman.edu"
 },
 {
   "Name": "Xiong, Yao",
   "Email": "xiongy@rose-hulman.edu"
 },
 {
   "Name": "Xu, Kelly",
   "Email": "xuj8@rose-hulman.edu"
 },
 {
   "Name": "Xu, Yue",
   "Email": "xuy2@rose-hulman.edu"
 },
 {
   "Name": "Xu, Yuhong (2020)",
   "Email": "xuy8@rose-hulman.edu"
 },
 {
   "Name": "Yadav, Abhimanyu",
   "Email": "yadava@rose-hulman.edu"
 },
 {
   "Name": "Yang, Charles",
   "Email": "yangch@rose-hulman.edu"
 },
 {
   "Name": "Yang, Hao (2020)",
   "Email": "yangh4@rose-hulman.edu"
 },
 {
   "Name": "Yang, Henry",
   "Email": "yangh6@rose-hulman.edu"
 },
 {
   "Name": "Yang, Thomas",
   "Email": "yangtt@rose-hulman.edu"
 },
 {
   "Name": "Yang, Zhen",
   "Email": "yangz4@rose-hulman.edu"
 },
 {
   "Name": "Yang, Zixuan",
   "Email": "yangz1@rose-hulman.edu"
 },
 {
   "Name": "Ye, Hengqi",
   "Email": "yeh1@rose-hulman.edu"
 },
 {
   "Name": "Ye, Kim (2020)",
   "Email": "yer@rose-hulman.edu"
 },
 {
   "Name": "Yelton, Will",
   "Email": "yeltonwh@rose-hulman.edu"
 },
 {
   "Name": "Yin, Andy",
   "Email": "yiny1@rose-hulman.edu"
 },
 {
   "Name": "Yin, Chelsey (2020)",
   "Email": "yinc@rose-hulman.edu"
 },
 {
   "Name": "Yin, Havalock",
   "Email": "yinh1@rose-hulman.edu"
 },
 {
   "Name": "Yin, Theodore",
   "Email": "yinz1@rose-hulman.edu"
 },
 {
   "Name": "Yoon, Seongjin",
   "Email": "yoons1@rose-hulman.edu"
 },
 {
   "Name": "Youngquist, Oscar (2020)",
   "Email": "youngqom@rose-hulman.edu"
 },
 {
   "Name": "Yu, Shijun (2019)",
   "Email": "yus3@rose-hulman.edu"
 },
 {
   "Name": "Zhang, Alan",
   "Email": "zhangam@rose-hulman.edu"
 },
 {
   "Name": "Zhang, Chet",
   "Email": "zhangx8@rose-hulman.edu"
 },
 {
   "Name": "Zhang, Frank",
   "Email": "zhangn2@rose-hulman.edu"
 },
 {
   "Name": "Zhang, Huan",
   "Email": "zhangh18@rose-hulman.edu"
 },
 {
   "Name": "Zhang, Rachel",
   "Email": "zhangrj@rose-hulman.edu"
 },
 {
   "Name": "Zhang, Tiantian (2021)",
   "Email": "zhangt4@rose-hulman.edu"
 },
 {
   "Name": "Zhang, Victor",
   "Email": "zhangz29@rose-hulman.edu"
 },
 {
   "Name": "Zhang, Yintong",
   "Email": "zhangy35@rose-hulman.edu"
 },
 {
   "Name": "Zhang, Yinzhe (2021)",
   "Email": "zhangy16@rose-hulman.edu"
 },
 {
   "Name": "Zhang, Yujie",
   "Email": "zhangy42@rose-hulman.edu"
 },
 {
   "Name": "Zhao, Michael (2021)",
   "Email": "zhaoy12@rose-hulman.edu"
 },
 {
   "Name": "Zhao, Tiancong",
   "Email": "zhaot1@rose-hulman.edu"
 },
 {
   "Name": "Zhao, Yiqi",
   "Email": "zhaoy10@rose-hulman.edu"
 },
 {
   "Name": "Zhao, Yuchen (2021)",
   "Email": "zhaoy9@rose-hulman.edu"
 },
 {
   "Name": "Zheng, Jerry (2021)",
   "Email": "zhengj2@rose-hulman.edu"
 },
 {
   "Name": "Zheng, Ken",
   "Email": "zhengy9@rose-hulman.edu"
 },
 {
   "Name": "Zheng, Travis",
   "Email": "zhengy6@rose-hulman.edu"
 },
 {
   "Name": "Zhong, Muyao",
   "Email": "zhongm@rose-hulman.edu"
 },
 {
   "Name": "Zhou, Yijing (2021)",
   "Email": "zhouy12@rose-hulman.edu"
 },
 {
   "Name": "Zhou, Yuqi (2020)",
   "Email": "zhouy9@rose-hulman.edu"
 },
 {
   "Name": "Zhu, Clint",
   "Email": "zhuz9@rose-hulman.edu"
 },
 {
   "Name": "Zhu, Connie",
   "Email": "zhuy12@rose-hulman.edu"
 },
 {
   "Name": "Zhu, Darren",
   "Email": "zhuy9@rose-hulman.edu"
 },
 {
   "Name": "Zhu, Leo",
   "Email": "zhuy14@rose-hulman.edu"
 },
 {
   "Name": "Zimmerman, Jake (2021)",
   "Email": "zimmerjm@rose-hulman.edu"
 },
 {
   "Name": "Zonick, Brett",
   "Email": "zonickba@rose-hulman.edu"
 },
 {
   "Name": "Zou, Huiruo (2021)",
   "Email": "zouh@rose-hulman.edu"
 },
 {
   "Name": "Zou, Joseph (2021)",
   "Email": "zous@rose-hulman.edu"
 },
 {
   "Name": "Zupanski, Natasa",
   "Email": "zupansnm@rose-hulman.edu"
 }
]