﻿Name,Email
"Abernathie, Allison",abernaal@rose-hulman.edu
"Abernathy, Abby (2021)",abernaam@rose-hulman.edu
"Adler, Benjamin",adlerbn@rose-hulman.edu
"Alawami, Hussein (2020)",alawamhm@rose-hulman.edu
"Alba-Lopez, David (2021)",albalod@rose-hulman.edu
"Alejandro, Seb",alejansw@rose-hulman.edu
"Alexander, Jarrett Scott",alexanjs@rose-hulman.edu
"Allamudi, Meghna",allamum@rose-hulman.edu
"Allen, Natalie (2020)",allenne@rose-hulman.edu
"Altobellis, Sal",altobes@rose-hulman.edu
"Amato, Angelina",amatoam@rose-hulman.edu
"Anderson, Cooper",andersc7@rose-hulman.edu
"Ansari, Jordan",ansarij@rose-hulman.edu
"Archer, Michael",archerma@rose-hulman.edu
"Ashworth, Jacob",ashworjs@rose-hulman.edu
"Austin, Isaac (2020)",austinin@rose-hulman.edu
"Bade, Nelson Connor Hawks",badenh@rose-hulman.edu
"Baden, Luke",badenlt@rose-hulman.edu
"Bailey, Ryan James",baileyrj@rose-hulman.edu
"Barr, Patrick (2021)",barrpt@rose-hulman.edu
"Bartee, Aaron J",barteeaj@rose-hulman.edu
"Barthel, Ian",bartheic@rose-hulman.edu
"Bath, Tyler (2020)",bathtj@rose-hulman.edu
"Batt, Carson",battcm@rose-hulman.edu
"Battle, Andre",battleal@rose-hulman.edu
"Baumgart, Jax",baumgajm@rose-hulman.edu
"Beadling, Christian",beadlich@rose-hulman.edu
"Bednarek, Travis",bednartc@rose-hulman.edu
"Beeman, Luke (2020)",beemanla@rose-hulman.edu
"Bell, Keelan",bellkm@rose-hulman.edu
"Bendzsa, Lucus",bendzslt@rose-hulman.edu
"Benedict, Brandon",benedib1@rose-hulman.edu
"Bernstein, Ethan",bernstem@rose-hulman.edu
"Bestic, Evan",bestice@rose-hulman.edu
"Bhangi, Tejaswi",bhangit@rose-hulman.edu
"Bhuwalka, Kush",bhuwalk@rose-hulman.edu
"Blair, Zane",blairza@rose-hulman.edu
"Blanco, Nathaniel",blancont@rose-hulman.edu
"Blonsky, Andrew (2021)",blonskac@rose-hulman.edu
"Bock, Kaelyn (2020)",bockke@rose-hulman.edu
"Boes, Thomas",boestb@rose-hulman.edu
"Boles, George (2019)",botrosg@rose-hulman.edu
"Borders, Camron E",borderce@rose-hulman.edu
"Bostian, Dylan",bostiadm@rose-hulman.edu
"Bouvier, John (2021)",bouviejs@rose-hulman.edu
"Bowering, Ryan",bowerirn@rose-hulman.edu
"Boxeth, Anne Marie",boxetham@rose-hulman.edu
"Boykins, Jamison",boykinjt@rose-hulman.edu
"Boyle, Connor James",boylecj@rose-hulman.edu
"Bradshaw, Alexander (2021)",bradshac@rose-hulman.edu
"Brady, Luke (2018)",bradylz@rose-hulman.edu
"Briscoe, Matt",briscoma@rose-hulman.edu
"Brock, Ethan",brockel@rose-hulman.edu
"Brown, Emma",browneg@rose-hulman.edu
"Brown, Ethan",brownea1@rose-hulman.edu
"Brown, Jermaine",brownjl5@rose-hulman.edu
"Brown, Josh",brownjs@rose-hulman.edu
"Brown, Ryan",brownrl@rose-hulman.edu
"Brownell, Kyle",brownekj@rose-hulman.edu
"Brubaker, Benjamin David",brubakbd@rose-hulman.edu
"Brunkow, Vik",brunkocl@rose-hulman.edu
"Brusniak, Sophie (2020)",brusniss@rose-hulman.edu
"Bryant, Luke",bryantl@rose-hulman.edu
"Buccelli, Garrett",buccelgt@rose-hulman.edu
"Budak, Rob",budakrc@rose-hulman.edu
"Burle, Aditya",burlea@rose-hulman.edu
"Cai, Mingyang",caim@rose-hulman.edu
"Calareso, Justin (2020)",calarejf@rose-hulman.edu
"Cales, Nolan",calesnm@rose-hulman.edu
"Campos, Anthony",camposa@rose-hulman.edu
"Cao, Zachary",caozz@rose-hulman.edu
"Caston, Kiana Riley",castonkr@rose-hulman.edu
"Cerasoli, Max",cerasoml@rose-hulman.edu
"Cermak, Aiden",cermakal@rose-hulman.edu
"Cerritos, Esly",cerritem@rose-hulman.edu
"Cesario, Luke",cesarila@rose-hulman.edu
"Chai, Didi",chaiq@rose-hulman.edu
"Chaidez, Johnny",chaidejd@rose-hulman.edu
"Chakraborty, Praneet (2021)",chakrap@rose-hulman.edu
"Chan, Brian",chanb@rose-hulman.edu
"Chang, Seokhyun",changs@rose-hulman.edu
"Chaplin, Max",chaplim1@rose-hulman.edu
"Chatfield, Taylor (2020)",chatfitt@rose-hulman.edu
"Cheesebourough, Jocelynn (2020)",cheesejn@rose-hulman.edu
"Chen, Doris",chenx16@rose-hulman.edu
"Chen, Eric",chenz16@rose-hulman.edu
"Chen, Jason (2020)",chenj10@rose-hulman.edu
"Chen, Junhao (2021)",chenj11@rose-hulman.edu
"Chen, Lilin (2021)",chenl4@rose-hulman.edu
"Chen, Mory",chenm6@rose-hulman.edu
"Chen, Sybil",chenx11@rose-hulman.edu
"Chen, Xiangbei (2020)",chenx5@rose-hulman.edu
"Chen, Xiangnan (2021)",chenx6@rose-hulman.edu
"Chen, Yifei (2020)",cheny16@rose-hulman.edu
"Chen, Yutong",cheny33@rose-hulman.edu
"Cheney, Terry",cheneyat@rose-hulman.edu
"Chi, Jackson (2020)",chij@rose-hulman.edu
"Choi, Jinyoung",choij4@rose-hulman.edu
"Choi, Sang",chois3@rose-hulman.edu
"Chowdavarapu, Abhinav",chowdaa@rose-hulman.edu
"Christensen, Bruno",christbj@rose-hulman.edu
"Chubb, Spencer",chubbsw@rose-hulman.edu
"Ciepiela, Aneta (2020)",ciepieab@rose-hulman.edu
"Clark, Tyson (2020)",clarkta@rose-hulman.edu
"Cloninger, Luke (2019)",clonintl@rose-hulman.edu
"Collins, Sarah",collinse@rose-hulman.edu
"Colomes, Denny (2021)",colomeda@rose-hulman.edu
"Condray-Raderstorf, Keith",condrak@rose-hulman.edu
"Corridore, Gabe",corridg@rose-hulman.edu
"Cramer, Jason",cramerj1@rose-hulman.edu
"Crowell, Michael K",crowelmk@rose-hulman.edu
"Crowell, Stephen (2021)",crowelsl@rose-hulman.edu
"Cruz, Diego",cruzd@rose-hulman.edu
"Cryer, Charlie",cryerca@rose-hulman.edu
"Csomos, Dominic",csomosdm@rose-hulman.edu
"Cui, Augustine (2021)",cuiy1@rose-hulman.edu
"Dailey, August (2020)",daileyab@rose-hulman.edu
"Dalic, Damian",dalicdi@rose-hulman.edu
"Dang, Wenkang",dangw@rose-hulman.edu
"Daugvila, Darius (2020)",daugvidi@rose-hulman.edu
"Davis, Curtiss",daviscl@rose-hulman.edu
"Davis, Olivia",davisoc@rose-hulman.edu
"Day, Zeno",dayjz@rose-hulman.edu
"de Jong, Winston",dejongwm@rose-hulman.edu
"Decker, Zach",deckerza@rose-hulman.edu
"Demakis, John",demakijp@rose-hulman.edu
"Desai, Aditya",desaiah@rose-hulman.edu
"Desai, Anand (2021)",desaiaj@rose-hulman.edu
"DeWitt, Justin",dewittjm@rose-hulman.edu
"Dharmavaram, Nikhil",dharman@rose-hulman.edu
"Diatta, Baba",diattabb@rose-hulman.edu
"Ding, Bowen",dingb@rose-hulman.edu
"Djuric, Vuk",djuricv@rose-hulman.edu
"Donaghy, Michael",donaghmp@rose-hulman.edu
"Dong, Sheng",sdong@rose-hulman.edu
"Donoho, Caleb (2020)",donohoc1@rose-hulman.edu
"Dorsey, Cameron",dorseycs@rose-hulman.edu
"Doschadis, Sydney",doschasc@rose-hulman.edu
"Dripchak, Alex (2021)",dripchar@rose-hulman.edu
"Du, Chuwei",duc@rose-hulman.edu
"DuBois, Samantha",duboissk@rose-hulman.edu
"Duchars, Grant",ducharg@rose-hulman.edu
"Duff, Dillon",duffdl@rose-hulman.edu
"Dummit, Rebecca (2020)",dummitrj@rose-hulman.edu
"Dunaway, Sam (2021)",dunawasg@rose-hulman.edu
"Duvall, Ari",duvallar@rose-hulman.edu
"Eaddie, Richie",eaddier@rose-hulman.edu
"Edwards, Braedyn",edwardbs@rose-hulman.edu
"Ejde, Olivia (2020)",ejdeoz@rose-hulman.edu
"Elayni, AJ",elayniaj@rose-hulman.edu
"Evard, Luke (2020)",evardl@rose-hulman.edu
"Fan, Zilu",fanz2@rose-hulman.edu
"Fang, Jiaqi",fangj@rose-hulman.edu
"Fang, Ray",fangr@rose-hulman.edu
"Farrell, Ron",farrelrn@rose-hulman.edu
"Fayoumi, Omar",fayoumoa@rose-hulman.edu
"Feeley-Wheeler, Nolan",feeleynj@rose-hulman.edu
"Feldman, Will",feldmawa@rose-hulman.edu
"Feng, Carlos",fengt1@rose-hulman.edu
"Feng, Yihui",fengy3@rose-hulman.edu
"Field, Michael",fieldms@rose-hulman.edu
"Finn, George W",finngw@rose-hulman.edu
"Fiorito, Julian",fioritjx@rose-hulman.edu
"Fletcher, Maddie",fletchj1@rose-hulman.edu
"Flickinger, Samuel (2021)",flickisc@rose-hulman.edu
"Fogarty, Liz",fogartee@rose-hulman.edu
"Foote, Zachary Oliver",footezo@rose-hulman.edu
"Forche, Andrew",forcheac@rose-hulman.edu
"Foss, William",fosswe@rose-hulman.edu
"Fowler, Ash (2021)",fowlerae@rose-hulman.edu
"Francis, David Allen",francida@rose-hulman.edu
"Frankel, Alex",frankea1@rose-hulman.edu
"Fry, Anakin",fryaj1@rose-hulman.edu
"Gao, Qiyue",gaoq@rose-hulman.edu
"Gao, Yang (2020)",gaoy2@rose-hulman.edu
"Gardner, William",gardnejw@rose-hulman.edu
"Garvin, Campbell",garvinac@rose-hulman.edu
"Gassert, Austin (2020)",gasseram@rose-hulman.edu
"Gathof, Jacob Daniel",gathofjd@rose-hulman.edu
"Gaull, Daniel",gaulldj@rose-hulman.edu
"Gault, Zack",gaultzt@rose-hulman.edu
"Gawron, Joey",gawronja@rose-hulman.edu
"Geng, Hanshuo",gengh2@rose-hulman.edu
"George, Nihaal (2020)",georgenp@rose-hulman.edu
"Gettys, Charlie (2020)",gettyscw@rose-hulman.edu
"Giles, Grant",gilesgc@rose-hulman.edu
"Gilmore, Davis William",gilmordw@rose-hulman.edu
"Gizaw, Abe",gizawaa@rose-hulman.edu
"Goforth-Harmon, Meg",gofortma@rose-hulman.edu
"Goldman, Taylor",goldmate@rose-hulman.edu
"Good, Xander",goodac@rose-hulman.edu
"Gothard, Ben (2021)",gotharbg@rose-hulman.edu
"Gottlieb, David",gottlijd@rose-hulman.edu
"Graham, Ben",grahambd@rose-hulman.edu
"Graham, Will (2021)",grahamw@rose-hulman.edu
"Grayless, Derek (2021)",grayledw@rose-hulman.edu
"Grazioli, Dominic (2020)",graziodj@rose-hulman.edu
"Greenberg, Matthew",greenbmj@rose-hulman.edu
"Greenlee, Ryan Thomas",greenlrt@rose-hulman.edu
"Gregory, Chris (2021)",gregorcj@rose-hulman.edu
"Greiner, Nathan",greinenc@rose-hulman.edu
"Grellman, Jake",grellmja@rose-hulman.edu
"Greybill, Owen",greybiop@rose-hulman.edu
"Gruninger, David (2021)",grunindm@rose-hulman.edu
"Guo, Yuhan",guoy1@rose-hulman.edu
"Gupta, Achintya",guptaa5@rose-hulman.edu
"Ha, Elijah",has@rose-hulman.edu
"Hall, Ben (2020)",hallbh@rose-hulman.edu
"Hall, Nick",hallnw@rose-hulman.edu
"Hall, Sam",hallsr@rose-hulman.edu
"Hamilton, Eric",hamilter@rose-hulman.edu
"Han, Derek",handj1@rose-hulman.edu
"Hansel, Jackson",hanseljt@rose-hulman.edu
"Hao, Yiju",haoy1@rose-hulman.edu
"Harms, Ethan",harmsej@rose-hulman.edu
"Harness, Rachel",harnesrs@rose-hulman.edu
"Harris, Alex",harrisap@rose-hulman.edu
"Harris, Sammy",harrissi@rose-hulman.edu
"Hartman, Grant (2021)",hartmagj@rose-hulman.edu
"Hatfield, Davis",hatfiedl@rose-hulman.edu
"Hayes, Jordan",hayesja1@rose-hulman.edu
"Hazelrigg, Jordan Alexander",hazelrja@rose-hulman.edu
"He, Tianxi (2020)",het@rose-hulman.edu
"Heffner, Noah",heffnenw@rose-hulman.edu
"Heflinger, Jason",heflinjn@rose-hulman.edu
"Hegg, Joey (2021)",heggjv@rose-hulman.edu
"Henderson, Marcus",hendermd@rose-hulman.edu
"Hendrich, Jacob (2021)",hendrijm@rose-hulman.edu
"Herbert, Andy",herberac@rose-hulman.edu
"Herbert, Darien",herberd1@rose-hulman.edu
"Hernandez, Elias",hernanre@rose-hulman.edu
"Hershberger, Charlie Adi",hershbca@rose-hulman.edu
"Hicks, Hunter",hickshj@rose-hulman.edu
"Hill, Liam",hilll@rose-hulman.edu
"Hilliard, Rias (2020)",hilliara@rose-hulman.edu
"Hogan, Grant",hogangc@rose-hulman.edu
"Howard, Hart",howardha@rose-hulman.edu
"Hriljac, Caitlin",hriljacm@rose-hulman.edu
"Hu, Elon",huy8@rose-hulman.edu
"Huang, Fengyi",huangf1@rose-hulman.edu
"Huang, Jizhou (2020)",huangj3@rose-hulman.edu
"Huang, Michael",huangmj@rose-hulman.edu
"Huang, Zijian (2021)",huangz2@rose-hulman.edu
"Humes, Zach",humesze@rose-hulman.edu
"Hurtig, Nathan",hurtigna@rose-hulman.edu
"Hyun, JaeJung (2020)",hyunj@rose-hulman.edu
"Iasso, Alex",iassoas@rose-hulman.edu
"Iasso, Nicholas Anthony",iassona@rose-hulman.edu
"Inskeep, Derek",inskeeda@rose-hulman.edu
Intune Test,intunetest@rosehulman.onmicrosoft.com
"Jadeja, Avichal",jadejaan@rose-hulman.edu
"Janc, Aidan",jancad@rose-hulman.edu
"Jiang (2018), Xingcheng",jiangx1@rose-hulman.edu
"Jiang, Isco",jiangx6@rose-hulman.edu
"Jiang, Qijun",jiangq1@rose-hulman.edu
"Jiao, Qingyuan",jiaoq@rose-hulman.edu
"Joens, Ben",joensbj@rose-hulman.edu
"Johnson, Alex",johnso23@rose-hulman.edu
"Johnson, Cambron (2020)",johnsocp@rose-hulman.edu
"Johnson, Zach",johnsoz2@rose-hulman.edu
"Joyner, Vernon Thomas",joynervt@rose-hulman.edu
"Julian, Dalton",julianda@rose-hulman.edu
"Jung, Steven",jungs1@rose-hulman.edu
"Jurgens, Kati",jurgenkr@rose-hulman.edu
"Keinsley, Christopher",keinslc@rose-hulman.edu
"Kelley, Lewis (2018)",kelleyld@rose-hulman.edu
"Kelly, Jack",kellyjc@rose-hulman.edu
"Kelly, Maxwell R",kellymr1@rose-hulman.edu
"Kenny, Michelle",kennymm@rose-hulman.edu
"Kezdy, Annelise",kezdyam@rose-hulman.edu
"Khan, Aden",khanaa1@rose-hulman.edu
"Kim, Chris",kimcs@rose-hulman.edu
"Kim, Edward",kime5@rose-hulman.edu
"Kim, Eugene (2020)",kime2@rose-hulman.edu
"Kim, Justin",kimj16@rose-hulman.edu
"Kim, Sijin",kims18@rose-hulman.edu
"Kim, Willie",kimw1@rose-hulman.edu
"Kim, YoungJun",kimy4@rose-hulman.edu
"King, Mike",kingmg@rose-hulman.edu
"Kinnick, Brandon",kinnicbj@rose-hulman.edu
"Kirk, Aidan",kirkah@rose-hulman.edu
"Kline, Trey",klinesr@rose-hulman.edu
"Knaack, Curtis",knaackcw@rose-hulman.edu
"Knierman, Joseph (2020)",kniermj@rose-hulman.edu
"Koh, James",kohji@rose-hulman.edu
"Kosikowski, Andrew",kosikoaj@rose-hulman.edu
"Kouassi, Alain (2021)",kouassao@rose-hulman.edu
"Kremer, Addison Nichols",kremeran@rose-hulman.edu
"Krishnan, Arudrra",krishna@rose-hulman.edu
"Krzyzewski, Henry",krzyzehj@rose-hulman.edu
"Kuhn, Josh (2020)",kuhnja@rose-hulman.edu
"Kuznicki, Michael",kuznicmd@rose-hulman.edu
"Labayog, Jasmine",labayojt@rose-hulman.edu
"Lacy, Brevin (2021)",lacybs@rose-hulman.edu
"LaKemper, Cullen",lakempca@rose-hulman.edu
"Lakstins, Seth",lakstise@rose-hulman.edu
"Lane, Kaylee",laneks@rose-hulman.edu
"Largent, Nicholas",largenns@rose-hulman.edu
"Le, Duy",ledq@rose-hulman.edu
"Lee, Andrew",leeaw@rose-hulman.edu
"Lee, Braxton",leebt@rose-hulman.edu
"Lee, Junki",leej25@rose-hulman.edu
"Lee, Lyra",leey2@rose-hulman.edu
"Leister, Mathew",leistemb@rose-hulman.edu
"Letscher, Emma",letscher@rose-hulman.edu
"Li, Da",lid2@rose-hulman.edu
"Li, James",lij15@rose-hulman.edu
"Li, Ke",lik6@rose-hulman.edu
"Li, Lingyun (2021)",lil4@rose-hulman.edu
"Li, Mashengjun",lim5@rose-hulman.edu
"Li, Weite (2020)",liw4@rose-hulman.edu
"Li, Yifei (2020)",liy12@rose-hulman.edu
"Liao, Zeyu",liaoz1@rose-hulman.edu
"Lin, Dylan",lind3@rose-hulman.edu
"Lin, Fengrui",linf@rose-hulman.edu
"Lin, Jiafan",linj3@rose-hulman.edu
"Lin, Jing (2021)",linj2@rose-hulman.edu
"Linerode, Matthew",lineromj@rose-hulman.edu
"Liu, Ainsley",liuh8@rose-hulman.edu
"Liu, Ao",liua1@rose-hulman.edu
"Liu, Borui",liub5@rose-hulman.edu
"Liu, Brandon",liub4@rose-hulman.edu
"Liu, Xusheng (2021)",liux6@rose-hulman.edu
"Liu, Yingeng",liuy29@rose-hulman.edu
"Liu, Zhuochen (2020)",liuz7@rose-hulman.edu
"Liu, Zishan (2020)",liuz6@rose-hulman.edu
"Loafman, Nathan",loafmant@rose-hulman.edu
"Lopez, Manuel",lopezmo@rose-hulman.edu
"Lowe, Joshua",lowej2@rose-hulman.edu
"Loyd, Allyn",loydma@rose-hulman.edu
"Luo, Song (2020)",luos@rose-hulman.edu
"Luttrell, Dylan",luttredn@rose-hulman.edu
"Ly, Jaecar",lyjb1@rose-hulman.edu
"Lynch, Noah",lynchnw@rose-hulman.edu
"Lyons, Matthew (2020)",lyonsmj@rose-hulman.edu
"Lyu, Chengqian (2021)",lyuc@rose-hulman.edu
"Lyu, Hardy",lyuh@rose-hulman.edu
"Ma, Wenze",maw1@rose-hulman.edu
"Ma, Yiyu (2020)",may2@rose-hulman.edu
"Maertens, Heinrich",maertehp@rose-hulman.edu
"Malik (2016), Joe P.",malikjp@rose-hulman.edu
"Maquelin, Evelyne A",maquelea@rose-hulman.edu
"Maranda, Canon",marandcp@rose-hulman.edu
"Marcus, Brandon",marcusbc@rose-hulman.edu
"Marcus, Seth",marcussr@rose-hulman.edu
"Martin, Tony",martina9@rose-hulman.edu
"Martinez, Matthew",martinms@rose-hulman.edu
"Masters, Miranda (2020)",mastermk@rose-hulman.edu
"Masur, Hunter",masurhj@rose-hulman.edu
"Matthews, Aidan",matthea1@rose-hulman.edu
"Mattick, Hayden",mattichj@rose-hulman.edu
"Maxwell, Emily",maxwelea@rose-hulman.edu
"McClary, John Patrick",mcclarjp@rose-hulman.edu
"McClenahan, Matthew",mcclenms@rose-hulman.edu
"McDonald, Connor",mcdonacj@rose-hulman.edu
"McEvoy, Will",mcevoywj@rose-hulman.edu
"McGee, Myon",mcgeeml@rose-hulman.edu
"McKee (2018), Andrew J.",mckeeaj@rose-hulman.edu
"McKee, Duncan",mckeed@rose-hulman.edu
"McKown, Quinn (2021)",mckownqa@rose-hulman.edu
"McMahon, Cherise (2021)",mcmahoce@rose-hulman.edu
"McMahon, Luke",mcmaholc@rose-hulman.edu
"McNeil, Luke",mcneill1@rose-hulman.edu
"Mehringer, Devin",mehrindc@rose-hulman.edu
"Meinzen, Christian",meinzecp@rose-hulman.edu
"Meng, Andrew",menga@rose-hulman.edu
"Merz, Megan",merzm@rose-hulman.edu
"Metzger, Lucas (2018)",metzgelh@rose-hulman.edu
"Milanowski, Jake",milanoj@rose-hulman.edu
"Mills, Andrew",millsar@rose-hulman.edu
"Milner, Brayden",milnerbw@rose-hulman.edu
"Mongoven, Sean (2021)",mongovsp@rose-hulman.edu
"Moore, Collin Timothy",moorect@rose-hulman.edu
"Morales Campoverde, Elvis",moraleej@rose-hulman.edu
"Morehart, Stephanie",morehask@rose-hulman.edu
"Morgan, Bailey (2021)",morganbm@rose-hulman.edu
"Morris, Collin",morrisc1@rose-hulman.edu
"Morris, Nyomi",morrisnc@rose-hulman.edu
"Morton, Trevor Clark",mortontc@rose-hulman.edu
"Mosteller, Caleb",mostelcj@rose-hulman.edu
"Moyers, Jonathan",moyersjm@rose-hulman.edu
"Mui, Anthony",muian@rose-hulman.edu
"Munro, Sam",munrosl@rose-hulman.edu
"Murray, Mitchell L.",murrayml@rose-hulman.edu
"Murray, Tommy",murraytr@rose-hulman.edu
"Musser, Shiloh (2021)",mussersl@rose-hulman.edu
"Naik, Vidhu",naikv@rose-hulman.edu
"Namburi, Srikar",namburs@rose-hulman.edu
"Napiwocki, En-En",napiwoej@rose-hulman.edu
"Naseem, Abizer",naseema@rose-hulman.edu
"Neelappa, Daniel P",neelapdp@rose-hulman.edu
"Nees, Sylvia (2020)",neessc@rose-hulman.edu
"Nelson, D.J.",nelsond1@rose-hulman.edu
"Ngammankongtangkit, Yok",ngammas1@rose-hulman.edu
"Nie, Nigel",niey@rose-hulman.edu
"Nikolic, Ryan",nikolira@rose-hulman.edu
"Norfleet, Ethan",norflewe@rose-hulman.edu
"Norris, Josh",norrisjr@rose-hulman.edu
"Nurrenberg, Christopher David",nurrencd@rose-hulman.edu
"Nutt, Michael (2021)",nuttmj@rose-hulman.edu
"Oaldon, Dominic",oaldonda@rose-hulman.edu
"O'Brien, Evan",obrienem@rose-hulman.edu
"Olabintan, Michael",olabinmo@rose-hulman.edu
"Olinger, Jacob",olingejj@rose-hulman.edu
"Orians, Andrew",oriansaj@rose-hulman.edu
"Oriold, Ben (2019)",orioldba@rose-hulman.edu
"Otay, Emre",otayf@rose-hulman.edu
"Ouyang, Ruoqing (2021)",ouyangr@rose-hulman.edu
"Pabba, Amruth (2021)",pabbaac@rose-hulman.edu
"Padgett, Jr., Wayne",padgett1@rose-hulman.edu
"Palamuttam, Joshua George",palamujg@rose-hulman.edu
"Pan, Hongzheng",panh1@rose-hulman.edu
"Pang, Jianan (2021)",pangj@rose-hulman.edu
"Parkhurst, Cade",parkhuca@rose-hulman.edu
"Pascente, Andrew",pascenaj@rose-hulman.edu
"Patwari, Vishrut",patwarv@rose-hulman.edu
"Payne, Stephen",paynesc@rose-hulman.edu
"Payton, Zach (2020)",paytonzk@rose-hulman.edu
"Pender, Brad (2020)",penderbm@rose-hulman.edu
"Penry, Olivia (2020)",penryoa@rose-hulman.edu
"Perry, Cole",perryca@rose-hulman.edu
"Peters, Joe",petersjl@rose-hulman.edu
"Peterson, John C",petersjc@rose-hulman.edu
"Petrisko, Jacob (2021)",petrisjj@rose-hulman.edu
"Petrisko, Jared",petrisjs@rose-hulman.edu
"Phillips, Avery",phillial@rose-hulman.edu
"Phillips, Megan (2020)",phillim@rose-hulman.edu
"Phillips, Reed",phillirc@rose-hulman.edu
"Phoon, Gordon (2020)",phoongm@rose-hulman.edu
"Pinkston, Alyssa",pinksta1@rose-hulman.edu
"Pinney, Jacob",pinneyja@rose-hulman.edu
"Pisciotta, Nick",piscionj@rose-hulman.edu
"Pittman, Connor (2020)",pittmacm@rose-hulman.edu
"Polonus, Sam",polonusb@rose-hulman.edu
"Polster, Alec",polsteaj@rose-hulman.edu
"Powell, Owen",powellot@rose-hulman.edu
"Purdy, David",purdydj@rose-hulman.edu
"Qian, Wenzi",qianw1@rose-hulman.edu
"Qiu, Jiacheng",qiuj1@rose-hulman.edu
"Raghuram, Abilash (2021)",raghura@rose-hulman.edu
"Ragland, Matthew",raglanma@rose-hulman.edu
"Ramji, Adithya",ramjia@rose-hulman.edu
"Record, Braeden",recordba@rose-hulman.edu
"Reddy, Vanshika (2021)",reddyvs@rose-hulman.edu
"Reel, Jonah (2019)",reeljm@rose-hulman.edu
"Reese, Michelle (2020)",reesemm@rose-hulman.edu
"Ren, Timothy",rens@rose-hulman.edu
"Rigg, Jaden",riggj@rose-hulman.edu
"Ripperda, Grant",rippergm@rose-hulman.edu
"Ritenour, Jacob",ritenojb@rose-hulman.edu
"Roberts, Ben",robertbw@rose-hulman.edu
"Robinson, Riley",robinsr2@rose-hulman.edu
"Rodriguez, Alicia",rodrigam@rose-hulman.edu
"Roehm, Joshua",roehmjp2@rose-hulman.edu
"Rogers, Jonathan",rogersj1@rose-hulman.edu
"Rohrer, Gavin",rohrergj@rose-hulman.edu
"Rosen, Ari",rosenas@rose-hulman.edu
"Rosenberg, Jacob",rosenbjg@rose-hulman.edu
"Roth, Omar",rotho@rose-hulman.edu
"Rouse, Matthew",rousems@rose-hulman.edu
"Runke, Andrew",runkeat@rose-hulman.edu
"Russell, Alyssa",russela@rose-hulman.edu
"Russell, Jessica",russelj@rose-hulman.edu
"Russell, Sam",russelss@rose-hulman.edu
"Ryu, Byunghoon",ryub@rose-hulman.edu
"Salucci, Noah",saluccnl@rose-hulman.edu
"Sam-Ogaga, Ruke",samogaoe@rose-hulman.edu
"Samp, Christopher Robert",sampcr@rose-hulman.edu
"Sampson, David",sampsod1@rose-hulman.edu
"Sanchez, Dauntae (2021)",sanchede@rose-hulman.edu
"Sanchez, Nate",sanchenj@rose-hulman.edu
"Sander, Aidan",sanderat@rose-hulman.edu
"Saraf, Ishan (2020)",sarafi@rose-hulman.edu
"Satkoski, Brennan",satkosb@rose-hulman.edu
"Schafer, Zachary P",schafezp@rose-hulman.edu
"Schaffer, Linde Lee",schaffll@rose-hulman.edu
"Scheibe, Jacob",scheibje@rose-hulman.edu
"Scheiner, Tristan",scheintc@rose-hulman.edu
"Scheumann, Dylan",scheumdm@rose-hulman.edu
"Schlundt, Caleb",schluncg@rose-hulman.edu
"Schmidt, Anthony (2021)",schmidaa@rose-hulman.edu
"Schulte, Connor",schultc2@rose-hulman.edu
"Scott, Jasmine",scottjm1@rose-hulman.edu
"Seiler, Aria",seilerar@rose-hulman.edu
"Sellers, Evan",sellerew@rose-hulman.edu
"Senthilvel, Aditya",senthia1@rose-hulman.edu
"Sessions, Will",sessiowr@rose-hulman.edu
"Seto, Jenna Samantha",setojs@rose-hulman.edu
"Sexton, Olivia",sextonom@rose-hulman.edu
"Shafer, Wyatt (2020)",shaferw@rose-hulman.edu
"Shah, Neelie",shahnv@rose-hulman.edu
"Shaw, Lauren",shawlf@rose-hulman.edu
"She, XinRui",shex@rose-hulman.edu
"Shen, Jackson",shenj7@rose-hulman.edu
"Sheng, Jinhao",shengj1@rose-hulman.edu
"Shin, Yelim",shiny4@rose-hulman.edu
"Shoultz, Caleb",shoultce@rose-hulman.edu
"Siebenthaler, Wes (2020)",siebenwa@rose-hulman.edu
"Simpson, Elliott",simpsoej@rose-hulman.edu
"Singh, Anirudh (2019)",singhab@rose-hulman.edu
"Siripuram, Rahul",siripur@rose-hulman.edu
"Sk, Jitmanyu",skj@rose-hulman.edu
"Slater, Evan",slatere@rose-hulman.edu
"Slaughter, Brionna (2021)",slaughb@rose-hulman.edu
"Smiley, Lauren",smileyle@rose-hulman.edu
"Smith, Ben (2021)",smithbw@rose-hulman.edu
"Smith, Brody",smithbk@rose-hulman.edu
"Smith, Logan Bryce",smithlb@rose-hulman.edu
"Snider, Simon",snidersa@rose-hulman.edu
"Song, David",songz1@rose-hulman.edu
"Song, Richard",songrh@rose-hulman.edu
"Song, Weimu",songw@rose-hulman.edu
"Sonneborn, Tyrus (2020)",sonnebtb@rose-hulman.edu
"Sorenson, Elliya",sorensej@rose-hulman.edu
"Speedy, Jackson (2021)",speedyj1@rose-hulman.edu
"Speitel, Tyler",speitetr@rose-hulman.edu
"Spevak, Joshua",spevakj1@rose-hulman.edu
"Srivastava, Indresh (2020)",srivasis@rose-hulman.edu
"Staples, Russel",stapler@rose-hulman.edu
"Stedham, Ian",stedhai@rose-hulman.edu
"Steiner, Chris",steineca@rose-hulman.edu
"Steiner, Cody",steinecs@rose-hulman.edu
"Steward, Hailey",stewarhr@rose-hulman.edu
"Stieby, Sam",stiebysd@rose-hulman.edu
"Stockwell, Joy",stockwja@rose-hulman.edu
"Storoe, Blake",storoeb1@rose-hulman.edu
"Stout, Christian",stoutcl@rose-hulman.edu
"Subramanya, Rithvik (2020)",subramrr@rose-hulman.edu
"Sugiyama, Taisuke",sugiyat@rose-hulman.edu
"Summerville, Macartan",summermt@rose-hulman.edu
"Sun, Zhaoyuan",sunz1@rose-hulman.edu
"Suvarna, Adit",suvarna@rose-hulman.edu
"Swatek, Austin",swatekaj@rose-hulman.edu
"Tao, Zhen",taoz@rose-hulman.edu
"Taskan, Deniz",taskand@rose-hulman.edu
"Tate, Reid",tatebr@rose-hulman.edu
"Taylor, Zachary Andrew",taylorz1@rose-hulman.edu
"Tepley, Natasha A",tepleyna@rose-hulman.edu
"Thelen, Zach",thelenzr@rose-hulman.edu
"Thesken, William",theskewk@rose-hulman.edu
"Thorp, Jack",thorpjj@rose-hulman.edu
"Tian, Simon",tianr@rose-hulman.edu
"Toftner, Bennett",toftnebj@rose-hulman.edu
"Tompkins, Tyler",tompkit@rose-hulman.edu
"Tran, Nhan",trannm@rose-hulman.edu
"Trudt, Owen",trudtoj@rose-hulman.edu
"Trujillo, Matt",trujilsm@rose-hulman.edu
"Tu, Eric (2021)",tuey@rose-hulman.edu
"Turkistani, Azzam",turkisaa@rose-hulman.edu
"Tutt, Liana",tuttlr@rose-hulman.edu
"Urbonas, Lukas",urbonal@rose-hulman.edu
"Vakhitov, Bohdan",vakhitb@rose-hulman.edu
"Van Pelt, Wesley C",vanpelwc@rose-hulman.edu
"Vance, Ryan",vancerm@rose-hulman.edu
"Vazzana, Audrey",vazzanam@rose-hulman.edu
"Veal, Brady",vealbw@rose-hulman.edu
"Vener, Dylan Michael",venerdm@rose-hulman.edu
"Villeneuve, Chase",villencr@rose-hulman.edu
"Vo, Darist",vodv@rose-hulman.edu
"Voltmer, Keith",voltmek@rose-hulman.edu
"Vorhees, Keegan",vorheeks@rose-hulman.edu
"Wagner, Lane",wagnerl1@rose-hulman.edu
"Walcott, Josh",walcotjc@rose-hulman.edu
"Walkowski, Andrew",walkowae@rose-hulman.edu
"Wallace, Levi",wallacls@rose-hulman.edu
"Wallis, Jake",wallisjm@rose-hulman.edu
"Wang, Cehong",wangc7@rose-hulman.edu
"Wang, Curtis (2021)",wangc6@rose-hulman.edu
"Wang, Helen",wangy51@rose-hulman.edu
"Wang, Jiadi",wangj19@rose-hulman.edu
"Wang, Lanxi (2020)",wangl3@rose-hulman.edu
"Wang, Max (2021)",wangj14@rose-hulman.edu
"Wang, Yiyuan (2021)",wangy18@rose-hulman.edu
"Wang, Yuankai",wangy16@rose-hulman.edu
"Wang, Zeen",wangz30@rose-hulman.edu
"Ward, Katrina",wardkm@rose-hulman.edu
"Watson, Elijah",watsonet@rose-hulman.edu
"Wei, Yunzhe",weiy5@rose-hulman.edu
"Wertz, Seth",wertzsw@rose-hulman.edu
"White, Andrew (2021)",whiteaj2@rose-hulman.edu
"White, Kaileb",whitekz@rose-hulman.edu
"White, Quinlan",whiteqd@rose-hulman.edu
"Wight, Harrison",wighths@rose-hulman.edu
"Wohlpart, Jennifer Rose",wohlpajr@rose-hulman.edu
"Womack, James",womackjr@rose-hulman.edu
"Wong, Alexander Zhenyu",wongaz@rose-hulman.edu
"Wooten, Jeremiah",wootenjt@rose-hulman.edu
"Worcester, Andy (2021)",worcesac@rose-hulman.edu
"Wright, Ethan",wrighte2@rose-hulman.edu
"Wu, Shixin",wus4@rose-hulman.edu
"Wu, Yilun",wuy8@rose-hulman.edu
"Wukusick, Luke",wukusil@rose-hulman.edu
"Wyness, Grant",wynessgp@rose-hulman.edu
"Wynn, Andrea",wynna@rose-hulman.edu
"Xi, Tony (2021)",xix1@rose-hulman.edu
"Xia, Sean",xias@rose-hulman.edu
"Xia, Zezhi",xiaz@rose-hulman.edu
"Xiang, Jessica",xiangjc@rose-hulman.edu
"Xie, Kaiyu (2020)",xiek@rose-hulman.edu
"Xie, Yicong (2020)",xiey2@rose-hulman.edu
"Xin, Xiao",xinx@rose-hulman.edu
"Xiong, Yao",xiongy@rose-hulman.edu
"Xu, Kelly",xuj8@rose-hulman.edu
"Xu, Yue",xuy2@rose-hulman.edu
"Xu, Yuhong (2020)",xuy8@rose-hulman.edu
"Yadav, Abhimanyu",yadava@rose-hulman.edu
"Yang, Charles",yangch@rose-hulman.edu
"Yang, Hao (2020)",yangh4@rose-hulman.edu
"Yang, Henry",yangh6@rose-hulman.edu
"Yang, Thomas",yangtt@rose-hulman.edu
"Yang, Zhen",yangz4@rose-hulman.edu
"Yang, Zixuan",yangz1@rose-hulman.edu
"Ye, Hengqi",yeh1@rose-hulman.edu
"Ye, Kim (2020)",yer@rose-hulman.edu
"Yelton, Will",yeltonwh@rose-hulman.edu
"Yin, Andy",yiny1@rose-hulman.edu
"Yin, Chelsey (2020)",yinc@rose-hulman.edu
"Yin, Havalock",yinh1@rose-hulman.edu
"Yin, Theodore",yinz1@rose-hulman.edu
"Yoon, Seongjin",yoons1@rose-hulman.edu
"Youngquist, Oscar (2020)",youngqom@rose-hulman.edu
"Yu, Shijun (2019)",yus3@rose-hulman.edu
"Zhang, Alan",zhangam@rose-hulman.edu
"Zhang, Chet",zhangx8@rose-hulman.edu
"Zhang, Frank",zhangn2@rose-hulman.edu
"Zhang, Huan",zhangh18@rose-hulman.edu
"Zhang, Rachel",zhangrj@rose-hulman.edu
"Zhang, Tiantian (2021)",zhangt4@rose-hulman.edu
"Zhang, Victor",zhangz29@rose-hulman.edu
"Zhang, Yintong",zhangy35@rose-hulman.edu
"Zhang, Yinzhe (2021)",zhangy16@rose-hulman.edu
"Zhang, Yujie",zhangy42@rose-hulman.edu
"Zhao, Michael (2021)",zhaoy12@rose-hulman.edu
"Zhao, Tiancong",zhaot1@rose-hulman.edu
"Zhao, Yiqi",zhaoy10@rose-hulman.edu
"Zhao, Yuchen (2021)",zhaoy9@rose-hulman.edu
"Zheng, Jerry (2021)",zhengj2@rose-hulman.edu
"Zheng, Ken",zhengy9@rose-hulman.edu
"Zheng, Travis",zhengy6@rose-hulman.edu
"Zhong, Muyao",zhongm@rose-hulman.edu
"Zhou, Yijing (2021)",zhouy12@rose-hulman.edu
"Zhou, Yuqi (2020)",zhouy9@rose-hulman.edu
"Zhu, Clint",zhuz9@rose-hulman.edu
"Zhu, Connie",zhuy12@rose-hulman.edu
"Zhu, Darren",zhuy9@rose-hulman.edu
"Zhu, Leo",zhuy14@rose-hulman.edu
"Zimmerman, Jake (2021)",zimmerjm@rose-hulman.edu
"Zonick, Brett",zonickba@rose-hulman.edu
"Zou, Huiruo (2021)",zouh@rose-hulman.edu
"Zou, Joseph (2021)",zous@rose-hulman.edu
"Zupanski, Natasa",zupansnm@rose-hulman.edu
